question,ground_truth,result_cdrag,result_simple,cdrag,simple_rag
"Bob and Ted are close friends. Ted is on trial for drug offences, and Bob has been selected as a juror in Ted’s case. Is the judge required to excuse Bob from serving on the jury?","No. While the bench book instructs judges to inform members of the jury panel that they can excuse themselves if they know the accused, this is not mandatory. Instead, the court may excuse a potential juror if they are satisfied that the person will not be able to consider the case impartially.","The judge is not automatically required to excuse Bob. The court may excuse a potential juror if satisfied the person will not be able to consider the case impartially, and jurors who know a person involved in the trial should apply to be excused because apparent bias may undermine justice.","No. The judge is not required to excuse Bob automatically. The court may excuse a potential juror if satisfied the person will not be able to consider the case impartially, or is unable to serve for another reason. Knowing the accused is a basis to apply for excusal.","{'faithfulness': 5, 'answer_relevance': 5, 'completeness': 5, 'conciseness': 4, 'semantic_similarity': 5, 'overall': 5, 'reasoning': 'Accurately states there is no mandatory requirement to excuse, and correctly identifies the discretion standard based on inability to consider impartially; additional advice about apparent bias is consistent with the general idea.'}","{'faithfulness': 4, 'answer_relevance': 5, 'completeness': 4, 'conciseness': 4, 'semantic_similarity': 4, 'overall': 4, 'reasoning': 'Mostly matches the ground truth on lack of automatic requirement and the impartiality-based discretion, but adds an extra (""unable to serve for another reason"") element not reflected in the ground truth.'}"
"Harry is serving as a juror in a burglary trial. He is also a professional locksmith. During the proceedings, Harry is shown a lock which, in his expert view, is too damaged to have been lockpicked in the manner described in court. Why might Harry's expert knowledge of lockpicking be irrelevant when assessing the physical evidence?","Judges are advised to “warn the jury of the possible dangers of conducting even simple experiments in the jury room” as “the present condition of the object experimented with may not be the same as its condition at the relevant time.” Harry can draw his own conclusions, but his view about the lock’s damage is irrelevant without additional evidence about how and when the lock's condition changed.","Harry’s specialist knowledge may be irrelevant because jurors must decide the case only on evidence properly presented in court. A juror must not add new material through personal expertise, effectively becoming an investigator or expert witness. The jury may examine exhibits, but not use that examination to supply new evidence.","Harry’s expertise may be irrelevant because jurors must decide the case only on evidence properly presented in court. Although jurors may examine exhibits and conduct only simple tests, they must not use private expertise to generate new evidence or act as investigators rather than impartial fact-finders.","{'faithfulness': 3, 'answer_relevance': 4, 'completeness': 3, 'conciseness': 5, 'semantic_similarity': 3, 'overall': 4, 'reasoning': 'Focuses on juror/improper evidence concerns, but does not capture the ground-truth point about the lock’s condition possibly not matching the relevant time without evidence of when it changed.'}","{'faithfulness': 3, 'answer_relevance': 4, 'completeness': 3, 'conciseness': 5, 'semantic_similarity': 3, 'overall': 4, 'reasoning': 'Similar juror-evidence/investigator rationale as System A, but omits the key ground-truth hazard: changes in the object’s condition over time without additional evidence make conclusions from current condition potentially unreliable.'}"
"Isaac is on trial for statutory murder of an emergency worker. You are his barrister. Should you notify the jury that, according to the Crimes Act 1958, the standard sentence for this offence is 30 years imprisonment?",No. The bench book is clear that “counsel should not refer to the penalty prescribed by law for the offence charged or make any other reference to the consequences which will flow from the jury’s verdict.”,The provided context does not contain sufficient information to answer this question.,"No. The jury should not be told the consequences of their verdict, including sentence, unless a statute requires it. Sentence is exclusively for the trial judge and is irrelevant to the jury’s task. Counsel should not refer to the prescribed penalty and the judge should stop any such reference.","{'faithfulness': 2, 'answer_relevance': 1, 'completeness': 1, 'conciseness': 4, 'semantic_similarity': 1, 'overall': 1, 'reasoning': 'Declines to answer due to missing context, but the ground truth directly addresses the question.'}","{'faithfulness': 5, 'answer_relevance': 5, 'completeness': 5, 'conciseness': 4, 'semantic_similarity': 5, 'overall': 5, 'reasoning': 'Directly matches the ground truth: counsel should not refer to the penalty prescribed or consequences of the jury’s verdict; correctly states the jury should not be told about sentence.'}"
Should jurors be excused if they have encountered news stories about the accused prior to the trial commencing?,"No. Although pre-trial publicity can prejudice jurors, the bench book notes that jurors should not be treated as unusually fragile and can be trusted to follow their oath, heed judicial directions, and decide the case only on the evidence. In most cases, any potential prejudice can be addressed through clear, careful directions from the judge rather than automatically excusing the juror.","Not necessarily. The context says pre-trial publicity does not automatically require excusal. Judges must avoid unfairness, but in most cases any potential prejudice can be addressed by appropriate and thorough directions to the jury. Jurors should not be assumed to be especially fragile or prone to prejudice.","Not necessarily. The context says the court may excuse a potential juror if satisfied the person will not be able to consider the case impartially, or is unable to serve for another reason. Pre-trial publicity will often be addressed by appropriate judicial directions, and jurors are expected to follow them.","{'faithfulness': 5, 'answer_relevance': 5, 'completeness': 5, 'conciseness': 4, 'semantic_similarity': 5, 'overall': 5, 'reasoning': 'Accurately reflects the ground truth: pre-trial publicity alone is not grounds for automatic excusal; jurors are not treated as unusually fragile; any risk is typically managed through clear judicial directions.'}","{'faithfulness': 3, 'answer_relevance': 4, 'completeness': 4, 'conciseness': 4, 'semantic_similarity': 4, 'overall': 4, 'reasoning': 'Partly aligns with the ground truth by noting that directions can address publicity, but introduces an extra condition about excusing if the person cannot consider the case impartially or cannot serve for other reasons, which is not stated in the ground truth for this question.'}"
"Frank and Joe are jurors in an arson trial. Over the weekend, Joe finds photos of the accused holding a petrol canister and texts them to Frank. Having received this new information, what should Frank do?",Frank should immediately notify the judge that Joe has made an independent inquiry about the accused or the background to the offence.,"Frank should immediately bring this to the judge’s attention, or inform a member of the judge’s staff without delay. The photos are outside information, not evidence, and Joe’s conduct appears to be an independent inquiry and discussion of the case outside the jury room.","Frank should immediately bring this to the judge’s attention, or inform a member of the judge’s staff without delay. The context says jurors must report if another juror has made an independent inquiry, discussed the case outside the jury, or if material not in evidence has entered the jury room.","{'faithfulness': 4, 'answer_relevance': 5, 'completeness': 4, 'conciseness': 4, 'semantic_similarity': 5, 'overall': 5, 'reasoning': 'Directly advises Frank to notify the judge (or staff) promptly, matching the ground truth. Adds reasoning about independent inquiry and discusses outside the jury; broadly consistent, with minor extra characterisation (photos outside evidence) beyond the core duty.'}","{'faithfulness': 4, 'answer_relevance': 5, 'completeness': 5, 'conciseness': 3, 'semantic_similarity': 5, 'overall': 5, 'reasoning': 'Also instructs immediate notification to the judge/staff, consistent with the ground truth duty. Covers the key aspect of Joe making an independent inquiry and discusses the case outside the jury, aligning closely; slightly less concise due to extra phrasing about material entering the jury room.'}"
Does the standard of proof of “beyond reasonable doubt” imply that the jury must be fully convinced of every claim the prosecution has made?,"No. According to the bench book “the jury does not need to be satisfied beyond reasonable doubt of the existence of each and every fact relied upon to prove an element, or disprove a defence, as long as they are satisfied that the accused’s guilt has been proven beyond reasonable doubt.”","No. The prosecution must prove the elements of the offence, and disprove any relevant defence, beyond reasonable doubt. The jury need not be satisfied beyond reasonable doubt of each and every fact or claim relied on, so long as guilt is proved beyond reasonable doubt.","No. The prosecution must prove the elements of the offence beyond reasonable doubt, and disprove any defence in issue. The jury need not be satisfied beyond reasonable doubt of each and every fact or claim relied on, so long as, considering all the evidence together, guilt is proved beyond reasonable doubt.","{'faithfulness': 5, 'answer_relevance': 5, 'completeness': 5, 'conciseness': 5, 'semantic_similarity': 5, 'overall': 5, 'reasoning': 'Directly matches the bench book principle: jury need not be convinced beyond reasonable doubt of every fact relied upon, only that guilt is proven beyond reasonable doubt.'}","{'faithfulness': 5, 'answer_relevance': 5, 'completeness': 5, 'conciseness': 4, 'semantic_similarity': 5, 'overall': 5, 'reasoning': ""Also accurately reflects the ground truth and adds a minor phrasing improvement ('considering all the evidence together') without changing meaning.""}"
"Sally is accused of cultivating narcotic plants in her backyard. One of the elements of this charge is that “the accused intentionally cultivated or attempted to cultivate a particular substance.” To establish whether this is the case, the judge believes it would be valuable to visit Sally’s backyard and have the jury examine it for themselves. What is the name of the legal procedure whereby the court travels to a location relevant to the charge?","The procedure where a court goes to inspect or conduct experiments at a location relevant to the case is called a view. Under section 53 of the Evidence Act 2008, the court may order a “demonstration, experiment or inspection” (collectively, a “view”), as noted in the bench book.","The procedure is called a “view” (also described in the context as an inspection, demonstration, or experiment at a location). It is conducted so the jury can better understand the evidence, and their observations may also be used as evidence in the case.",The provided context does not contain sufficient information to answer this question.,"{'faithfulness': 5, 'answer_relevance': 5, 'completeness': 4, 'conciseness': 5, 'semantic_similarity': 5, 'overall': 5, 'reasoning': ""Correctly identifies the procedure as a 'view' (inspection/demonstration/experiment at a relevant location), consistent with the ground truth, though it does not mention Evidence Act 2008 section 53.""}","{'faithfulness': 1, 'answer_relevance': 1, 'completeness': 1, 'conciseness': 5, 'semantic_similarity': 1, 'overall': 1, 'reasoning': 'Declines to answer and therefore does not provide the required name of the legal procedure.'}"
"Josh is 21 years old. He witnessed a murder that was clearly perpetrated by the accused. The prosecution, however, needs to determine whether the accused committed the acts voluntarily, thus satisfying the elements of intentional or reckless murder. In court, the judge plays a recording of Josh giving his eyewitness testimony. What is this evidentiary process called?",This process is known as the VARE procedure. It is used in trials related to sexual or violent offences and involves playing ‘an audio or audiovisual recording which consists of the witness answering questions put to him or her by a prescribed person’.,"The provided context does not contain sufficient information to answer this question. It mentions that, if a witness is unavailable, evidence from other proceedings may be adduced by producing an authenticated transcript or recording of the witness giving evidence, including committal hearing evidence.",This evidentiary process is adducing evidence of a statement made in other proceedings by producing an authenticated recording of the witness giving evidence: “Evidence of statements made in other proceedings can be adduced by producing an authenticated transcript or recording of the witness giving evidence” (Evidence Act 2008 s 65(6)).,"{'faithfulness': 2, 'answer_relevance': 1, 'completeness': 1, 'conciseness': 4, 'semantic_similarity': 1, 'overall': 1, 'reasoning': 'It does not identify the VARE procedure and instead provides a general notion about transcripts/recordings from other proceedings without matching the specific process described in the ground truth.'}","{'faithfulness': 2, 'answer_relevance': 2, 'completeness': 2, 'conciseness': 4, 'semantic_similarity': 2, 'overall': 2, 'reasoning': 'It correctly references adducing evidence by producing an authenticated transcript/recording, but it fails to name the process as the VARE procedure and does not capture the ground-truth VARE description (prescribed person asking questions) or its specific term.'}"
"Olivia illegally bought cannabis from a tobacconist. As she left, she saw a man firebomb the store. She is now a witness in the arson trial. What legal privilege should she consider when giving her evidence?","Olivia should consider exercising her privilege against self-incrimination, which is governed by section 128 of the Evidence Act 2008. As the bench book explains “a witness may object to giving evidence on the basis that the answer may tend to prove that the witness committed an offence or is liable to a civil penalty.”","Olivia should consider the privilege against self-incrimination. The context states that where a witness may have that right, the judge must ensure, in the jury’s absence, that the witness is aware of it, and the witness may need independent legal advice about whether to claim it or seek a s 128 certificate.","Olivia should consider the **privilege against self-incrimination**. Her evidence as a witness in the arson trial could expose her to liability for illegally buying cannabis. The provided context discusses arson elements, but does not detail this privilege.","{'faithfulness': 5, 'answer_relevance': 5, 'completeness': 4, 'conciseness': 4, 'semantic_similarity': 5, 'overall': 5, 'reasoning': 'Correctly identifies the privilege against self-incrimination under s 128 of the Evidence Act 2008, consistent with the ground truth. Adds process points about the judge and independent legal advice, which are not in the ground truth but are plausible and not directly contradicted.'}","{'faithfulness': 4, 'answer_relevance': 4, 'completeness': 2, 'conciseness': 4, 'semantic_similarity': 3, 'overall': 3, 'reasoning': 'Identifies the correct privilege (against self-incrimination) and links it to potential liability, but fails to reference s 128 or the specific bench book/objection framing from the ground truth.'}"
Emma is found in possession of someone else’s phone but has no documentation of how she obtained it. Emma’s counsel argues that possession of the phone is circumstantial evidence and thus completely inadmissible to establish guilt. Is Emma’s counsel correct?,No. They are incorrect. The bench book notes that “nothing in the law that makes proof by circumstantial evidence unacceptable or suspect of itself.”,"No. The context states that circumstantial evidence is not inherently unacceptable or suspect, and it can be used to prove guilt. Possession of recently stolen property may support an inference of guilt if the jury is satisfied of the required matters. Its admissibility is for the judge to determine.","No. The context states there is nothing in law making circumstantial evidence unacceptable or suspect of itself, and it can be used to prove guilt. Possession may support an inference, subject to proper directions and without reversing the onus. Emma’s counsel is therefore not correct.","{'faithfulness': 4, 'answer_relevance': 5, 'completeness': 4, 'conciseness': 4, 'semantic_similarity': 5, 'overall': 5, 'reasoning': 'Directly answers that counsel is incorrect and aligns with the bench book point about circumstantial evidence not being inherently unacceptable; adds generally consistent detail about inferences from possession.'}","{'faithfulness': 5, 'answer_relevance': 5, 'completeness': 5, 'conciseness': 4, 'semantic_similarity': 5, 'overall': 5, 'reasoning': 'Matches the ground truth closely, clearly incorporates the bench book statement, and further specifies proper directions/onus without contradicting the provided context.'}"
"John is on trial for an unnamed offence. John testifies that he could not have committed the offence because he was at an arcade 10 miles away when the offence took place. Earlier, the jury accepted arcade tickets as evidence of John's alibi. John’s counsel now argues that, given this plausible alibi, John could not have committed the crime. What type of reasoning is this an example of?","John's reasoning is an example of drawing inferences from circumstantial evidence. As the bench book explains, a fact can be proved through inference “by providing evidence of a related fact or facts, from which the jury can infer the existence of the fact in issue”. In this case, counsel is providing evidence of the alibi to support the inference that John could not have committed the crime.","This is **abductive reasoning**. Counsel argues from accepted alibi evidence (the arcade tickets and John’s presence elsewhere) to the conclusion that John could not have committed the offence. In criminal trial terms, it is reasoning based on an **alternative hypothesis consistent with innocence** raised by the evidence.","This is **alibi reasoning**. The context defines an alibi as evidence that the accused was at another place when the offence occurred. Here, John’s counsel relies on accepted evidence that John was elsewhere to argue he could not have committed the offence.","{'faithfulness': 3, 'answer_relevance': 5, 'completeness': 3, 'conciseness': 4, 'semantic_similarity': 3, 'overall': 4, 'reasoning': 'Correctly identifies the reasoning as inference-based on alibi evidence, but characterizes it as abductive/alternative hypothesis rather than the ground truth’s specific category of drawing inferences from circumstantial evidence.'}","{'faithfulness': 4, 'answer_relevance': 4, 'completeness': 2, 'conciseness': 5, 'semantic_similarity': 3, 'overall': 3, 'reasoning': ""Gives a related label ('alibi reasoning') and captures the gist, but misses the ground truth’s key point: it is reasoning by drawing inferences from circumstantial evidence.""}"
Does Victoria have a law/laws protecting against double jeopardy?,"Yes. The bench book states that “Unless expressly provided for by law, an accused must not be punished more than once for the same act or omission (Interpretation of Legislation Act 1984 (Vic) s 51; R v Sessions [1998] 2 VR 304).” This is often referred to as double jeopardy.",The provided context does not contain sufficient information to answer this question.,"Yes. The context indicates Victoria has rules about alternative verdicts and jury directions, but it does not contain sufficient information about any Victorian law specifically protecting against double jeopardy. The provided context does not contain sufficient information to answer this question.","{'faithfulness': 4, 'answer_relevance': 2, 'completeness': 1, 'conciseness': 5, 'semantic_similarity': 1, 'overall': 2, 'reasoning': 'System A declines to answer, but the ground truth clearly indicates Victoria has legal protection against double jeopardy via the bench book statement and relevant authorities.'}","{'faithfulness': 2, 'answer_relevance': 3, 'completeness': 1, 'conciseness': 4, 'semantic_similarity': 2, 'overall': 2, 'reasoning': ""System B incorrectly begins with 'Yes' despite also stating insufficient information, and it fails to cite the ground-truth double jeopardy protection (Interpretation of Legislation Act 1984 (Vic) s 51; R v Sessions). Mentions irrelevant alternative verdict/jury directions.""}"
"Sophie and Hazel are two of twelve jurors in a trial. Both are uncertain of their verdict, while the remaining ten jurors believe the accused is guilty. The jury is becoming frustrated with Sophie and Hazel's indecision, but the judge instructs the jury to continue deliberating. What is this instruction called?","In Victoria, this instruction is known as a perseverance direction or a Black direction.","This instruction is called a **perseverance direction**: an instruction urging the jury to continue deliberating and try to reach a **unanimous verdict** by calmly discussing their differences, while each juror still reaches their own honest decision and does not change merely to agree.","This instruction is a **perseverance direction** (also reflected in the “**Unanimous Verdict Required**” charge), where the judge tells jurors to continue deliberating, listen to each other with an open mind, and try to resolve their differences in an effort to reach a unanimous verdict.","{'faithfulness': 4, 'answer_relevance': 5, 'completeness': 4, 'conciseness': 4, 'semantic_similarity': 5, 'overall': 5, 'reasoning': ""Accurately identifies the instruction as a perseverance direction and describes its purpose. It omits the alternate name 'Black direction' from the ground truth and adds some extra detail about unanimous verdict and not changing merely to agree, which is broadly consistent but slightly beyond the ground truth.""}","{'faithfulness': 4, 'answer_relevance': 5, 'completeness': 3, 'conciseness': 4, 'semantic_similarity': 4, 'overall': 4, 'reasoning': ""Correctly identifies the instruction as a perseverance direction and ties it to continuing deliberations and aiming for unanimity. It does not mention 'Black direction' (ground truth alternate term) and includes an additional label ('Unanimous Verdict Required') that is not provided in the ground truth.""}"
"Tim is on trial for aggravated burglary. Before Tim gives evidence, his counsel calls another witness to testify first. Why might this be a bad idea for the defence?",The bench book advises that by allowing other defence witnesses to give evidence first the jury may think that the accused tailored his or her evidence to fit with the other evidence in the case.,"It may be a bad idea because if Tim later gives evidence that differs from his counsel’s opening or from how the defence case was earlier conducted, those discrepancies may support a finding of a prior inconsistent statement or recent invention. The context notes important limits, but identifies that risk.","It may be a bad idea because if the defence case later conflicts with that witness’s evidence, fairness rules (*Browne v Dunn*) can create difficulties. The context does not identify any rule making it improper generally to call another defence witness before the accused.","{'faithfulness': 2, 'answer_relevance': 4, 'completeness': 2, 'conciseness': 4, 'semantic_similarity': 2, 'overall': 3, 'reasoning': 'Focuses on inconsistency/recent invention reasoning, which only loosely overlaps with the ground truth (jury may infer tailoring). Mentions limits but does not capture the bench book’s specific concern about tailoring to other evidence.'}","{'faithfulness': 3, 'answer_relevance': 3, 'completeness': 1, 'conciseness': 5, 'semantic_similarity': 1, 'overall': 2, 'reasoning': 'Gives a different rationale (Browne v Dunn/fairness) not present in the ground truth bench book advice. Does not address the key concern that the jury may think Tim tailored his evidence.'}"
Paul is 12 years old. He is a witness in a trial related to a common law riot. You are counsel for the accused. Should you argue that Paul’s is fundamentally untrustworthy because of his age?,"No. It is a prohibited statement to suggest that a particular child’s evidence is unreliable solely because of their age. If counsel makes such a claim, the bench book directs the judge to correct that suggestion in their instructions to the jury.","No. You should not argue that Paul is fundamentally untrustworthy solely because he is 12. The context says counsel must not suggest that children as a class are unreliable, inherently less credible, or require more careful scrutiny, nor that a particular child is unreliable solely because of age.","No. Counsel must not say or suggest that children as a class are unreliable, that a child’s evidence is inherently less credible, or that Paul’s evidence is unreliable solely because of his age. If such an argument is made, the judge must generally correct it.","{'faithfulness': 5, 'answer_relevance': 5, 'completeness': 3, 'conciseness': 5, 'semantic_similarity': 4, 'overall': 4, 'reasoning': ""Directly answers 'No' and captures the core prohibition about relying on age alone. However, it omits the ground-truth detail that the bench book directs the judge to correct the suggestion in jury instructions.""}","{'faithfulness': 4, 'answer_relevance': 5, 'completeness': 5, 'conciseness': 4, 'semantic_similarity': 5, 'overall': 5, 'reasoning': ""Matches the ground truth closely: prohibits suggesting unreliability based solely on age, and includes the key point that the judge should correct the claim in jury instructions (though it uses 'generally').""}"
Can the defence use good character evidence to argue the accused is innocent?,Yes. Good character evidence can be used to establish the credibility of the accused's evidence as well as to argue it is less likely that the accused committed the offence.,Yes. The context states that evidence of the accused’s good character may be relevant in determining guilt because it may make it less likely that the accused committed the offence. It can also support credibility. But it is not a defence in itself and cannot alter proven facts.,"Yes. The context says good character evidence may be relevant in two ways: it may support the accused’s credibility, and it may make it less likely the accused committed the offence. But it is not a defence in itself and cannot alter proven facts; it only bears on reasonable doubt.","{'faithfulness': 5, 'answer_relevance': 5, 'completeness': 5, 'conciseness': 4, 'semantic_similarity': 5, 'overall': 5, 'reasoning': 'Matches the ground truth: good character evidence can be used to support credibility and argue less likelihood of committing the offence. The added remarks about not being a stand-alone defence and not altering proven facts are consistent with general legal framing.'}","{'faithfulness': 5, 'answer_relevance': 5, 'completeness': 5, 'conciseness': 4, 'semantic_similarity': 5, 'overall': 5, 'reasoning': ""Directly tracks the ground truth by identifying both permissible uses (credibility and less likely commission) and also correctly notes it is not a defence in itself. The reference to 'reasonable doubt' is consistent with the purpose.""}"
Can the prosecution freely use bad character evidence to argue the accused is guilty?,"No. Bad character evidence is generally inadmissible because it is unfairly prejudicial. At common law, such evidence may only be used to rebut evidence of good character. Under the Evidence Act 2008, there are limited and technically complex exceptions that allow bad character evidence to be admitted.","No. The context states bad character evidence is generally inadmissible because it is unfairly prejudicial. If admitted, it may be used to assess credibility or to negate good character evidence, but the jury must not use it to infer the accused is more likely guilty because of bad character.","No. The prosecution cannot use bad character evidence to argue that the accused is more likely guilty because of bad character. Such evidence is generally inadmissible, and if admitted, it may be used for credibility or to negate good character evidence, not as direct proof of guilt.","{'faithfulness': 4, 'answer_relevance': 5, 'completeness': 3, 'conciseness': 4, 'semantic_similarity': 4, 'overall': 4, 'reasoning': 'Accurately states the general rule against using bad character to infer guilt and notes permissible limited uses. However, it omits the common law rebuttal of good character and the Evidence Act 2008 exceptions/technical complexity.'}","{'faithfulness': 4, 'answer_relevance': 5, 'completeness': 3, 'conciseness': 4, 'semantic_similarity': 4, 'overall': 4, 'reasoning': 'Matches the key point that the prosecution cannot use bad character to argue likelihood of guilt and allows only limited purposes. Like A, it misses the common law limitation and the specific Evidence Act 2008 exception framework.'}"
"Sam is on trial for murdering her neighbour. The prosecution presents a text from Sam to a friend saying, “I murdered my neighbour today.” What must be established for this text to be treated as an admission?",The jury must be satisfied that Sam wrote the text and that the substance of the text is truthful.,"For the text to be used as an admission, the jury must be satisfied that Sam actually sent or made the text, and that its substance was truthful. They must also consider whether the words were intended as an admission of guilt, rather than boasting, exaggeration, or having some innocent meaning.","For the text to be treated as an admission, the jury must be satisfied of two things: first, that Sam actually sent or made the statement in the terms alleged; second, that the statement was truthful—meaning she intended it as an admission of guilt and it was true.","{'faithfulness': 4, 'answer_relevance': 5, 'completeness': 4, 'conciseness': 4, 'semantic_similarity': 4, 'overall': 4, 'reasoning': 'Matches the core requirements that the jury be satisfied Sam authored/sent the text and that its substance is truthful. Adds extra points about intent/meaning (boasting/exaggeration/innocent meaning) not stated in the ground truth.'}","{'faithfulness': 3, 'answer_relevance': 5, 'completeness': 4, 'conciseness': 5, 'semantic_similarity': 4, 'overall': 4, 'reasoning': 'Covers that the jury must be satisfied Sam made/sent the statement and that it is truthful. However, it introduces an additional framing that the jury must be satisfied she intended it as an admission of guilt, which is not clearly present in the ground truth.'}"
"Omar is charged with intentionally causing serious injury. In a recorded interview, he admits being at the scene and pushing the complainant but denies using a weapon or intending serious harm. At trial, the prosecution asks the jury to accept the incriminating parts of the interview but treat his denial of using a weapon as lies. Does this necessarily involve ‘consciousness of guilt’ reasoning?","No. The bench book states that an “argument that an accused’s statement contained both admissions and false exculpatory statements, and that the jury should accept the admissions and reject the exculpatory statements as lies, does not involve consciousness of guilt reasoning.” This means that the prosecution can use mixed statements to argue that Omar is guilty due to his admissions without implying guilt through his alleged lies.","No. The context says lies are generally used either to discredit credibility or, more exceptionally, as an implied admission of guilt. If the prosecution asks the jury to treat Omar’s denial as lies, that does not necessarily involve consciousness-of-guilt reasoning; it depends on whether the lies are relied on as evidence of guilt.","No. It does not necessarily involve “consciousness of guilt” reasoning. The context says post-offence lies are generally used to discredit a witness or as contradictory evidence, and only become incriminating conduct if relied on as an implied admission of guilt. If not so used, they go only to credibility, not guilt.","{'faithfulness': 4, 'answer_relevance': 5, 'completeness': 3, 'conciseness': 4, 'semantic_similarity': 4, 'overall': 4, 'reasoning': 'Correctly answers the question (No) and captures the idea that treating the denial as lies does not necessarily amount to consciousness of guilt. However, it frames the issue as depending on how lies are relied on, which is related but not as directly aligned to the bench book’s specific point about mixed admissions vs false exculpation.'}","{'faithfulness': 3, 'answer_relevance': 5, 'completeness': 4, 'conciseness': 4, 'semantic_similarity': 4, 'overall': 4, 'reasoning': 'Also answers No and explains that lies may relate only to credibility unless relied on as an implied admission of guilt. It is slightly less directly faithful to the ground truth’s bench book formulation (mixed admissions + reject false exculpatory statements without consciousness reasoning), but still substantially matches the core legal distinction.'}"
"Liam is on trial for arson. His sister gives evidence that, at a family dinner, she said, “The police think you set fire to Dad’s shed. You didn’t do it, did you?” Liam, who had been speaking normally, then went silent and looked down. Can this be used as evidence probative of guilt?",Yes. The bench book states that “remaining silent when speech could have been expected” is one example of post-offence behaviour that has been used as evidence probative of guilt.,"The context does not contain sufficient information to answer this question.

It discusses silence as potentially incriminating conduct, including silence where speech could have been expected, and distinguishes silence in response to people in authority from equal parties. But it does not state the test for silence in response to an equal party like a sister.","Yes. The context states that post-offence behaviour other than lies may be probative of guilt, including “remaining silent when speech could have been expected”. Liam’s silence in response to an accusation may therefore be capable of being used as evidence probative of guilt, subject to proper direction and use in relation to the charged offence.","{'faithfulness': 2, 'answer_relevance': 2, 'completeness': 1, 'conciseness': 5, 'semantic_similarity': 1, 'overall': 1, 'reasoning': 'It fails to answer the question and does not reflect the ground truth that remaining silent when speech could have been expected can be used as probative evidence.'}","{'faithfulness': 5, 'answer_relevance': 5, 'completeness': 4, 'conciseness': 4, 'semantic_similarity': 5, 'overall': 5, 'reasoning': 'Directly matches the ground truth principle from the bench book: remaining silent when speech could have been expected is an example of post-offence behaviour capable of being used as evidence probative of guilt.'}"
"At Zoe’s assault trial, the prosecution argues that her blank, expressionless stare at photos of the injured complainant indicates guilt. Is this argument sound?","No. While demeanour can, in theory, be treated as an implied admission, such arguments are rarely relied upon because they are imprecise, unreliable, and easily misinterpreted.","No. The context does not support using a person’s emotional display, or lack of it, as proof of guilt. It specifically warns against giving improper weight to a complainant’s display of emotion, noting reactions are highly variable. By analogy within this context, a blank stare alone would not soundly indicate guilt.","No. The context says post-offence conduct must be related to a charged offence, identified precisely, and used only in the way permitted by the notice and direction. It is not appropriate to invite the jury to treat conduct as proof of guilt of some other wrongdoing or generally as guilt without that proper linkage.","{'faithfulness': 4, 'answer_relevance': 5, 'completeness': 4, 'conciseness': 4, 'semantic_similarity': 4, 'overall': 4, 'reasoning': ""Directly answers 'No' and gives a rationale consistent with the ground truth: demeanour/impressions are imprecise and easily misinterpreted. It adds additional emphasis on warnings about emotional variability, which is aligned but slightly beyond the ground truth.""}","{'faithfulness': 2, 'answer_relevance': 3, 'completeness': 2, 'conciseness': 4, 'semantic_similarity': 2, 'overall': 2, 'reasoning': ""Also answers 'No' but shifts to a procedural linkage concept (post-offence conduct linkage/notice/direction) not present in the ground truth. It does not address the ground truth reasoning about imprecision, unreliability, and misinterpretation of demeanour evidence.""}"
The defence raises the issue of mental impairment and bears the onus of proving it. There is a psychiatrist who has examined the accused. Is the prosecution required to call this psychiatrist as a witness?,"No. In this example, the psychiatrist’s evidence relates to an issue raised by the defence, in respect of which the defence bears the onus of proof. As the bench book explains, in such a case the prosecution is not required to call that witness.","No. The prosecution need not call a witness whose evidence relates to an issue raised by the defence and on which the defence bears the onus of proof, such as mental impairment (*R v Fitchett* (2009) 23 VR 91; [2009] VSCA 150).","No. The prosecution need not call a witness whose evidence relates to an issue raised by the defence and on which the defence bears the onus of proof, such as mental impairment (*R v Fitchett* (2009) 23 VR 91; [2009] VSCA 150).","{'faithfulness': 5, 'answer_relevance': 5, 'completeness': 4, 'conciseness': 5, 'semantic_similarity': 5, 'overall': 5, 'reasoning': 'Directly matches the ground truth: prosecution not required to call the defence-examining psychiatrist where the issue is raised by defence and the defence bears the onus. Adds a supporting case citation consistent with the rule.'}","{'faithfulness': 5, 'answer_relevance': 5, 'completeness': 4, 'conciseness': 5, 'semantic_similarity': 5, 'overall': 5, 'reasoning': 'Reproduces the ground truth content essentially verbatim, correctly stating that the prosecution is not required to call the psychiatrist in such circumstances, with an appropriate case citation.'}"
"Sarah is tried for armed robbery. She does not give or call any evidence. In closing, the prosecution avoids mentioning her silence directly but repeatedly stresses that “only the prosecution’s account is supported by evidence.” Is this submission by the prosecution permissible?",Yes. The bench book clarifies that the prosecution is allowed to “refer to the fact that the only version before the court is that provided by prosecution witnesses and there is no evidence to support the alternative scenario provided by defence counsel.”,"Not if it suggests Sarah’s failure to give or call evidence strengthens the prosecution case. The prosecution may note that its account is the only evidence before the jury or that evidence is uncontradicted, but must not imply her silence makes the prosecution case easier to accept or supports guilt.","Not if the submission suggests Sarah’s failure to give or call evidence strengthens the prosecution case. The prosecution may note that its account is the only evidence before the jury or that evidence is uncontradicted, but must not imply adverse inferences from Sarah’s silence or invite guilt from it.","{'faithfulness': 4, 'answer_relevance': 5, 'completeness': 4, 'conciseness': 4, 'semantic_similarity': 4, 'overall': 4, 'reasoning': 'Generally aligns with the ground truth that such a submission can be permissible if framed as the prosecution’s evidence being the only version before the court, while adding an extra limiting condition about implying silence strengthens the case (which the ground truth does not explicitly emphasize).'}","{'faithfulness': 4, 'answer_relevance': 5, 'completeness': 4, 'conciseness': 5, 'semantic_similarity': 4, 'overall': 4, 'reasoning': 'Closely tracks the permissible/impermissible framing in the ground truth (highlighting only prosecution evidence before the court). It focuses on avoiding adverse inference from silence, which is consistent but not fully explicit in the ground truth.'}"
"In a criminal trial, defence counsel fails to challenge an important part of a prosecution witness’s evidence and later runs a case theory inconsistent with that evidence. The prosecution complains that this has caused unfairness. As the trial judge, how should you decide what to do about it?","As trial judge, the bench book instructs you to exercise your discretion ‘to best remedy the unfairness so that the trial does not miscarry,’ recognising that what is necessary ‘will depend on the circumstances.’ ‘In doing so, you should apply Browne v Dunn and consider whether it was the prosecution or the defence who breached the rule, and the obligations placed upon each party,’ avoiding any remedy for unfairness to the prosecution that would itself be unfair to the accused.","If defence counsel may have breached the *Browne v Dunn* rule, the judge should decide whether the failure was material and caused unfairness, considering the significance of the matter, the extent of the breach, any realistic good reason, and whether recall can cure it. If appropriate, permit recall; otherwise or additionally, direct the jury they may take the failure into account when assessing the weight of the inconsistent defence argument.","Apply the *Browne v Dunn* principles cautiously. First consider whether the failure was material and whether unfairness can be cured by recalling the witness. A direction is only rarely needed. If given, it should usually go only to weight, explain possible innocent reasons for counsel’s omission, and reflect the accusatorial nature of criminal trials.","{'faithfulness': 4, 'answer_relevance': 5, 'completeness': 4, 'conciseness': 4, 'semantic_similarity': 4, 'overall': 4, 'reasoning': 'Captures the discretionary, circumstances-based approach to best remedy unfairness and references Browne v Dunn. Mentions assessing materiality, possible recall/curative measures, and jury directions. However, it omits the specific instruction to consider whether prosecution or defence breached and to avoid remedies that would be unfair to the accused.'}","{'faithfulness': 3, 'answer_relevance': 5, 'completeness': 3, 'conciseness': 5, 'semantic_similarity': 3, 'overall': 3, 'reasoning': ""Addresses Browne v Dunn principles and focuses on whether recall cures unfairness and that directions are rarely needed. But it does not reflect the bench book emphasis on the broader discretion 'to best remedy' so the trial does not miscarry, nor the need to consider which party breached and obligations placed on each, nor the warning to avoid remedies unfair to the accused.""}"
"In an armed robbery trial, a shop assistant who has served the accused every week for years is shown still images from CCTV and says, “Based on how he looks, that’s the same customer who comes into my store.” What type of identification evidence is this an example of?",It is an example of comparison evidence. As the bench book explains one example of comparison evidence is a “non-expert witness which compares two people or items which do not require particular expertise to compare (e.g. evidence comparing the voice of the accused with a voice on a tape).”,"This is **recognition evidence**. The witness says they recognised the person because of prior familiarity from serving the accused every week for years. Although the recognition is made from CCTV stills and refers to appearance, the key feature is identification based on an already-known person.","This is most likely **recognition evidence**: the witness says they recognised a person present on the relevant occasion because of prior familiarity with that person. However, because the statement is framed as “based on how he looks” from CCTV stills, it may also involve **similarity evidence**.","{'faithfulness': 2, 'answer_relevance': 4, 'completeness': 3, 'conciseness': 4, 'semantic_similarity': 2, 'overall': 3, 'reasoning': 'System A labels it as recognition evidence based on prior familiarity, but the ground truth classifies it as comparison evidence (non-expert comparison of two people/items), so the core legal type does not match.'}","{'faithfulness': 1, 'answer_relevance': 4, 'completeness': 2, 'conciseness': 3, 'semantic_similarity': 1, 'overall': 2, 'reasoning': 'System B also primarily calls it recognition evidence and only speculates about similarity; it does not align with the ground truth that it is comparison evidence.'}"
"One of the elements of aggravated carjacking is the use of a weapon or causing injury to another person (Crimes Act 1958 s 79A). Smith witnesses an aggravated carjacking late at night. He sees the offender wield a weapon but does not get a good look at their face. A year later, he positively identifies the accused, saying he “recognised him immediately from the daytime photo the police showed me last year.” What cognitive bias, about which the jury is educated, may be relevant in this case?","The displacement effect. The jury is explicitly warned about the “displacement effect” in the charge for photographic identification. The displacement effect occurs when a witness sees a photo of the accused before identifying the accused. According to the bench book/charge, “in any later face-to-face identification, there is a risk that the witness might unintentionally identify the accused because his/her appearance matches the remembered photograph, rather than matching the person originally seen.”","The relevant cognitive bias is the tendency to substitute a photographic image once seen for a hazy recollection of the person originally observed. The context notes that identification evidence is fragile, and later photo viewing may unconsciously influence recognition, especially after poor initial observation.","The relevant cognitive bias is the tendency to **substitute a photographic image once seen for a hazy recollection of the person initially observed**. The context says identification evidence is fragile and minds may respond to suggestions, especially replacing a fleeting original observation with a later photo image.","{'faithfulness': 4, 'answer_relevance': 5, 'completeness': 4, 'conciseness': 4, 'semantic_similarity': 4, 'overall': 4, 'reasoning': ""Identifies the displacement effect in substance (photo seen later displaces earlier hazy recollection). Slightly less explicit about the specific 'displacement effect' label and the bench-book warning that the jury is educated on.""}","{'faithfulness': 5, 'answer_relevance': 5, 'completeness': 5, 'conciseness': 4, 'semantic_similarity': 5, 'overall': 5, 'reasoning': 'Clearly articulates the displacement effect mechanism—substituting a later photo for an earlier hazy recollection—matching the ground truth charge/bench-book explanation.'}"
"You are the trial judge in a child stealing case. During the trial, the prosecutor briefly mentions that the image used for recognising the accused was taken before the accused was detained but gives no further explanation. What are judges instructed to do in this situation?",The bench book instructs judges to tell the jury that the fact police had images of the accused before detention does not justify any inference about a criminal record and must not prejudice them against the accused.,"If the defence requests a s 115 direction, or the jury has become aware the accused was identified from a police-held photograph and the judge considers it necessary to address possible prejudice, the judge should direct the jury not to infer a criminal record or prior charge from that photograph.","If picture identification evidence is admitted and the defence requests a s 115 direction, the judge must warn the jury not to assume the accused has a criminal record or was previously charged, because the photograph was taken before custody. The jury must draw no adverse conclusion from police holding the photograph.","{'faithfulness': 5, 'answer_relevance': 5, 'completeness': 4, 'conciseness': 4, 'semantic_similarity': 5, 'overall': 5, 'reasoning': 'Directs the jury not to infer a criminal record/prior charge from pre-detention police photos and addresses prejudice, which matches the bench book instruction. Slightly less clear on the core non-justification wording but the substance is aligned.'}","{'faithfulness': 4, 'answer_relevance': 5, 'completeness': 4, 'conciseness': 4, 'semantic_similarity': 4, 'overall': 4, 'reasoning': 'Captures the key instruction to warn the jury against inferring a criminal record due to a photograph taken before custody and to avoid adverse conclusions. However, it adds conditions about evidence being admitted and s 115 directions not clearly grounded in the ground truth.'}"
"Harvey is on trial for dangerous driving causing serious injury. Priya, a mechanic with 15 years’ experience, inspects the damaged vehicles and wants to tell the jury that, in her opinion, the pattern of damage shows Harvey was travelling at “at least 110 km/h” before impact. Are Priya’s comments inadmissible because they are opinion evidence?","Priya’s comments are opinion evidence, but they are still admissible because Priya is an expert witness. As the bench book explains, “Opinion evidence from an ‘expert’ witness is admissible if it is wholly or substantially based on specialised knowledge that the witness has obtained from training, study or experience” (Evidence Act 2008 s 79).","No. Opinion evidence is generally inadmissible, but expert opinion is admissible if it is wholly or substantially based on specialised knowledge obtained from training, study or experience (s 79). Priya’s 15 years as a mechanic may qualify her opinion, if based on that specialised knowledge and relevant factual observations.","No. Opinion evidence is not automatically inadmissible. Under the *Evidence Act 2008* s 76, opinions are generally excluded, but expert opinion is admissible under s 79 if it is wholly or substantially based on specialised knowledge from training, study or experience. Priya’s 15 years’ mechanic experience may support admissibility if that basis is established.","{'faithfulness': 5, 'answer_relevance': 5, 'completeness': 4, 'conciseness': 5, 'semantic_similarity': 5, 'overall': 5, 'reasoning': 'Correctly states that the comments are opinion evidence but admissible because Priya is an expert witness; accurately applies the s 79 standard of specialised knowledge from training, study or experience.'}","{'faithfulness': 4, 'answer_relevance': 5, 'completeness': 4, 'conciseness': 4, 'semantic_similarity': 4, 'overall': 4, 'reasoning': 'Also reaches the correct conclusion and applies s 79 correctly, but it incorrectly references s 76 as excluding opinions generally; the question is about admissibility of opinion evidence as expert evidence under s 79.'}"
"Chris is on trial for intentionally or recklessly causing a bushfire. His counsel says he was carrying out a “cool burn.” Talia, a First Nations woman, is called to explain First Nations practices. Is Talia’s evidence admissible?",Yes. The bench book is clear that section 78A of the Evidence Act 2008 provides an exception to the opinion rule for witnesses providing “evidence about the existence or content of Aboriginal and Torres Strait Islander traditional laws and customs”.,The provided context does not contain sufficient information to answer this question.,The provided context does not contain sufficient information to answer this question.,"{'faithfulness': 1, 'answer_relevance': 2, 'completeness': 1, 'conciseness': 5, 'semantic_similarity': 1, 'overall': 1, 'reasoning': 'Does not address the question or provide the correct legal basis (section 78A Evidence Act 2008 exception), resulting in low factual consistency and completeness.'}","{'faithfulness': 1, 'answer_relevance': 2, 'completeness': 1, 'conciseness': 5, 'semantic_similarity': 1, 'overall': 1, 'reasoning': 'Also fails to provide the ground-truth reasoning that admissibility is supported by section 78A of the Evidence Act 2008.'}"
"Noah is on trial for killing his father, who had been violent towards Noah’s mother for decades. The defence calls an expert to describe how poverty, lack of access to services, and cultural stigma around separation can trap families in violent homes. Is this expert's evidence admissible?","Yes, it can be admissible. The bench book states that expert evidence in homicide cases involving family violence may be led to show “the social, cultural or economic factors that may affect a person affected by family violence.”","Yes. The context states that evidence of family violence may include “social, cultural or economic factors” affecting a person or family member, and the “general nature and dynamics” of relationships affected by family violence, including consequences of separation. Expert evidence on those matters is therefore admissible, subject to ordinary expert-evidence requirements.","Yes. The context states that, in cases involving family violence, evidence of social, cultural or economic factors affecting a person or family member, and the general dynamics and consequences of separation from an abuser, may be relevant. Expert evidence explaining those matters is therefore admissible if relevant to the issues.","{'faithfulness': 5, 'answer_relevance': 5, 'completeness': 4, 'conciseness': 4, 'semantic_similarity': 5, 'overall': 5, 'reasoning': 'Directly answers admissibility as yes and aligns with the bench book rationale about social/cultural/economic factors. Adds only minor caveats (ordinary expert-evidence requirements) not contradicted by the ground truth.'}","{'faithfulness': 5, 'answer_relevance': 5, 'completeness': 4, 'conciseness': 5, 'semantic_similarity': 5, 'overall': 5, 'reasoning': 'Accurately reflects the ground truth that expert evidence may be led to address social/cultural/economic factors and dynamics/consequences of separation, and concludes admissibility if relevant.'}"
"Police have detained and taken DNA samples from three of four full siblings in a carjacking investigation: Chloe (female, 24), Sam (female, 23), and Joseph (male, 22). The fourth sibling, Kyle (male, 22), was not detained or sampled. Mitochondrial DNA testing of a crime scene sample links all three sampled siblings to the scene. Y-STR testing (which examines Y-chromosome DNA passed from father to son) links Joseph to the scene. Nuclear DNA testing also links Joseph to the scene. Is this information sufficient to reasonably link Joseph to the crime scene?","No. This information is insufficient. Joseph and Kyle are both 22-year-old males, so they may be identical twins. If they are, nuclear DNA testing would not distinguish between them, and both would match the crime scene sample. Without knowing whether Kyle is Joseph’s identical twin, we do not have sufficient information to uniquely link Joseph to the scene.","Yes. The context states mitochondrial DNA is shared through the mother and is not unique between siblings, and Y-STR is shared through the father and is the same between siblings. But nuclear DNA is unique to an individual apart from identical twins. So Joseph’s nuclear DNA link can reasonably link him to the scene.","Yes. The context states mitochondrial DNA is shared by siblings and Y-STR DNA is shared between male siblings, so those results do not uniquely identify Joseph. But nuclear DNA is unique to an individual apart from identical twins. Therefore, Joseph is reasonably linked to the crime scene by the nuclear DNA result.","{'faithfulness': 2, 'answer_relevance': 4, 'completeness': 2, 'conciseness': 4, 'semantic_similarity': 2, 'overall': 2, 'reasoning': 'Concludes Joseph can be linked, but ground truth says it is insufficient because Joseph and Kyle could be identical twins, making nuclear DNA incapable of distinguishing them without information about twinning.'}","{'faithfulness': 2, 'answer_relevance': 4, 'completeness': 2, 'conciseness': 5, 'semantic_similarity': 2, 'overall': 2, 'reasoning': 'Also concludes yes based on nuclear DNA uniqueness, but ignores the key ground-truth issue: Joseph may be identical to Kyle, in which case nuclear DNA would not uniquely link Joseph absent confirmation.'}"
"Police have detained and taken DNA samples from three of four full siblings in a carjacking investigation: Chloe (female, 24), Sam (female, 23), and Joseph (male, 22). The fourth sibling, Kylie (female, 22), was not detained or sampled. Mitochondrial DNA testing of a crime scene sample links all three sampled siblings to the scene. Y-STR testing (which examines Y-chromosome DNA passed from father to son) links Joseph to the scene. Nuclear DNA testing also links Joseph to the scene. Is this information sufficient to reasonably link Joseph to the crime scene?","Yes. This information is enough to reasonably link Joseph to the crime scene. We can infer this in two ways. 1. Joseph is the only male sibling and Y-chromosome DNA only passes from father to son. Thus, a Y-STR match means the original sample must have come from a male related to Joseph, while a mitochondrial DNA test confirms it must have been the child of Joseph’s mother. With only one male son from both parents, this information alone uniquely links Joseph to the scene. Alternatively, we can infer a link through Joseph’s Nuclear DNA testing which exclusively links him to the scene as he does not have an identical twin (identical twins must be the same sex).","Yes. The context states mitochondrial DNA is shared among siblings and Y-STR DNA is shared among paternal male siblings, so those results alone are not unique to Joseph. But nuclear DNA is unique to an individual, apart from identical twins. Therefore, nuclear DNA linking Joseph reasonably links him to the crime scene.","Yes. The context says mitochondrial DNA is shared by siblings and Y-STR is inherited from the father, so neither uniquely identifies Joseph. But nuclear DNA is unique to an individual, apart from identical twins. Therefore, nuclear DNA linking Joseph is sufficient to reasonably link him to the crime scene.","{'faithfulness': 4, 'answer_relevance': 5, 'completeness': 3, 'conciseness': 4, 'semantic_similarity': 4, 'overall': 4, 'reasoning': 'Correctly concludes Joseph can be reasonably linked based on nuclear DNA. However, it misses the ground-truth reasoning that combines the Y-STR inheritance with the fact Joseph is the only male sibling (which would provide an additional inferential route).'}","{'faithfulness': 4, 'answer_relevance': 5, 'completeness': 3, 'conciseness': 4, 'semantic_similarity': 4, 'overall': 4, 'reasoning': 'Also correctly relies on nuclear DNA uniqueness (absent identical twins) to conclude sufficiency. Like System A, it omits the ground truth’s alternative inference using Y-STR plus Joseph being the only male sibling.'}"
Is the right to silence based solely on common law?,"No. The bench book explains that “the right of silence has been given legislative form by Evidence Act 2008 s 89,” and that although there are some minor differences in scope and content, s 89 and the common law “largely overlap.”","No. The context says the right to remain silent is a fundamental common law rule, but it has also been given legislative form by *Evidence Act 2008* s 89. The common law continues to apply, and the two largely overlap, though there are some minor differences in scope and content.","No. The context says the right to remain silent is a fundamental rule of the common law, but it has also been given legislative form by *Evidence Act 2008* s 89. The common law continues to apply, and the right has been restricted in some ways by the *Criminal Procedure Act 2009*.","{'faithfulness': 5, 'answer_relevance': 5, 'completeness': 5, 'conciseness': 4, 'semantic_similarity': 5, 'overall': 5, 'reasoning': 'Directly matches the ground truth that the right to silence is not solely common law because Evidence Act 2008 s 89 gives legislative form, with largely overlapping common law and legislative scope; includes the minor differences point.'}","{'faithfulness': 2, 'answer_relevance': 5, 'completeness': 3, 'conciseness': 4, 'semantic_similarity': 3, 'overall': 3, 'reasoning': 'Mostly aligns with the ground truth regarding Evidence Act 2008 s 89 and common law overlap, but introduces an unsupported claim that the right is restricted by Criminal Procedure Act 2009, which is not in the ground truth.'}"
"Daniel is questioned by police about an armed robbery. He gives his name and age but answers “no comment” when asked where he was at 1 am and who he was with. He is now on trial, and you are the prosecutor. Should you invite the jury to treat his selective silence as evidence of guilt?","No. The bench book explains that “no adverse inference[s] can be drawn from the fact that the accused answered some questions but did not answer others.” In this case, Daniel is exercising his right to silence.","No. The prosecutor must not invite the jury to use Daniel’s selective silence in response to police questioning as evidence of guilt. The jury may not infer guilt from “no comment” answers to people in authority, and must not be asked why he remained silent or treat his defence as suspect because of that silence.",No. The prosecutor must not invite the jury to draw an adverse inference from Daniel’s selective silence in police questioning. The jury may not use “no comment” answers as implied admissions or evidence of guilt. Only if he gave a detailed account might conscious omissions matter; silence itself cannot.,"{'faithfulness': 5, 'answer_relevance': 5, 'completeness': 4, 'conciseness': 4, 'semantic_similarity': 5, 'overall': 5, 'reasoning': 'Directly matches the ground truth: no adverse inference should be drawn from answering some questions and refusing others, and the prosecutor should not invite the jury to treat silence as evidence of guilt.'}","{'faithfulness': 4, 'answer_relevance': 5, 'completeness': 4, 'conciseness': 3, 'semantic_similarity': 4, 'overall': 4, 'reasoning': 'Mostly consistent with the ground truth (no adverse inference from silence), but adds an extra conditional about omissions only if a detailed account is given, which is not in the provided ground truth.'}"
"At dinner, Kim and Frank watch a news story about a drive-by shooting. Kim says the car looks like Frank’s and asks, “That’s not your car, is it, Frank?” Frank stays silent. Frank is now on trial. Why is it important for the prosecution that Kim is not a government authority?","It would matter to the prosecution because the right of silence does not apply to equal parties. If Kim were a government authority, the prosecution cannot draw adverse inferences about the accused's silence.","It is important because the right to silence discussed in the context applies to silence in response to questioning by a person in authority, such as police. Kim was an equal party, not a government authority, so Frank’s silence may potentially support an adverse inference.","It is important because the right to silence discussed in the context applies to questioning by a person in authority, such as police or investigating officials. It does not apply to “equal parties.” So, if Kim is not a government authority, Frank’s silence may potentially support an adverse inference.","{'faithfulness': 5, 'answer_relevance': 5, 'completeness': 5, 'conciseness': 4, 'semantic_similarity': 5, 'overall': 5, 'reasoning': 'Matches the ground truth: silence protections do not apply to equal parties; therefore the prosecution can draw adverse inferences if Kim is not a government authority.'}","{'faithfulness': 4, 'answer_relevance': 5, 'completeness': 4, 'conciseness': 5, 'semantic_similarity': 4, 'overall': 4, 'reasoning': ""Captures the core idea that right to silence depends on Kim being a government authority and that non-authority allows adverse inference, but is slightly less aligned with the ground truth emphasis on 'equal parties' framing.""}"
"Kim and Frank are at a Christmas party and are watching a news story about a recent drive-by shooting. Kim thinks the car looks like Frank’s and asks, “That’s not your car, is it?” Frank stays silent. A few minutes later, the police shut down the party due to noise complaints. Later, Frank is on trial for offences related to the same drive-by shooting. Why is it important to the defence that the party was loud?","It is important that the party was loud because it undermines the admissibility of evidence relating to Frank's silence. As the bench book explains “A statement made in the accused’s presence will only be admissible if, in all the circumstances, it is open to the jury to conclude that: The accused heard the statement and had the opportunity to respond;.”","It may support an alternative reasonable explanation for Frank’s silence. To infer an implied admission from silence to an equal party, the jury must find the statement called for a response and that the only reasonable explanation for silence was consciousness of guilt. A loud party may mean Frank did not hear or understand Kim’s question.","It matters because Frank’s silence can only be used as an implied admission if, in the circumstances, an answer would ordinarily be expected. If the party was loud, he may not have heard Kim’s question, or the circumstances may not have called for a response. That weakens any adverse inference.","{'faithfulness': 4, 'answer_relevance': 5, 'completeness': 4, 'conciseness': 4, 'semantic_similarity': 4, 'overall': 4, 'reasoning': 'Focuses on the effect of loudness on whether a jury can properly conclude Frank heard the statement and had an opportunity to respond, undermining admissibility. However, it adds an extra emphasis on alternative reasonable explanations and consciousness of guilt that are not central in the ground truth.'}","{'faithfulness': 5, 'answer_relevance': 5, 'completeness': 5, 'conciseness': 5, 'semantic_similarity': 5, 'overall': 5, 'reasoning': 'Directly tracks the ground truth rationale: admissibility of silence depends on whether, in the circumstances, it was open to the jury to conclude Frank heard the statement and had an opportunity to respond. Loudness can mean he may not have heard or that no response was called for, weakening any adverse inference.'}"
"Rachel is on trial for poisoning her business partner with mushrooms. There is no direct proof Rachel possessed poisonous mushrooms, but the prosecution shows that: (1) two weeks before the death she searched for a specific species of poisonous mushroom; (2) she had a manual for dehydration equipment that can mask the taste of mushrooms; and (3) toxicology shows her partner was poisoned by that same species. The prosecution argues it is highly improbable all of this is coincidental, if the death were an accident. What kind of inferential reasoning or type of evidence is the prosecution asking the jury to use?","The prosecution is asking the jury to use “coincidence evidence”. According to the bench book, coincidence evidence “relies on a process of inferential reasoning, in which the jury Infers from evidence of similarities between two or more events, and the circumstances in which the events occurred, that is improbable that the events occurred coincidentally; and infers from the improbability of such a coincidence the existence of a relevant fact in issue.”","The prosecution is asking the jury to use **coincidence reasoning**, that is, **coincidence evidence**. The argument is that the similarity between Rachel’s prior search/manual and the toxicology result makes it highly unlikely these matters occurred coincidentally if the death were accidental.","The prosecution is asking the jury to use **coincidence reasoning**, so the material would be treated as **coincidence evidence**. The argument is that the similarity between Rachel’s prior search/manual and the toxicology evidence makes it highly unlikely the partner’s death was accidental or merely coincidental.","{'faithfulness': 5, 'answer_relevance': 5, 'completeness': 4, 'conciseness': 4, 'semantic_similarity': 5, 'overall': 5, 'reasoning': 'Correctly identifies the prosecution as asking for coincidence evidence/inferential coincidence reasoning; captures the gist of improbability-based inference, though it omits the ground-truth description of inferring from improbability to the existence of a fact in issue.'}","{'faithfulness': 4, 'answer_relevance': 4, 'completeness': 3, 'conciseness': 3, 'semantic_similarity': 4, 'overall': 4, 'reasoning': ""Also identifies coincidence reasoning/coincidence evidence, but phrases it less precisely and adds 'merely coincidental' rather than the bench book’s specific inferential structure (from improbable coincidence to a relevant fact in issue).""}"
Daisy witnessed a murder in her prison and is called by the prosecution to give evidence. Is she a “prison informer”?,No. Daisy is a prison witness not a prison informer. The bench book describes ‘prisoners who witness events that occur in prison’ as ‘falling outside the “prison informer” category.’,No. The context says a “prison informer” is a prisoner who gives evidence of an oral confession or admission made by another prisoner while in custody. Prisoners who merely witness events occurring in prison are “prisoner witnesses” and fall outside that category.,No. The context says a “prison informer” is a prisoner who gives evidence of an oral confession or admission made by another prisoner while in custody. A prisoner who merely witnessed events occurring in prison is a “prisoner witness” and is not a prison informer.,"{'faithfulness': 5, 'answer_relevance': 5, 'completeness': 5, 'conciseness': 5, 'semantic_similarity': 5, 'overall': 5, 'reasoning': ""Directly answers that Daisy is not a prison informer and matches the ground truth distinction between prison witnesses and the 'prison informer' category.""}","{'faithfulness': 5, 'answer_relevance': 5, 'completeness': 5, 'conciseness': 5, 'semantic_similarity': 5, 'overall': 5, 'reasoning': ""Same key legal distinction as the ground truth: witnesses to events in prison are prisoner witnesses and fall outside the 'prison informer' category.""}"
"Emma is committed for trial on 1 March. On 25 March, she first tells her lawyer she was at a movie with her sister at the time of the alleged offence and wants both to give evidence, but no notice has been filed. What procedural step is required before Emma, or her sister can give evidence that she was at the movie rather than at the scene of the offence?","Emma must apply for leave. The bench book explains that “an accused must obtain leave of the court in order to give evidence of an alibi personally, or to call evidence in support of an alibi, if the accused has not given notice of alibi within 14 days of being committed for trial.”","Before Emma or her sister can give alibi evidence, Emma must notify the DPP of her intention to give or adduce evidence of an alibi within the required timeframe. If she has not complied, the court may prevent that evidence being called: *Criminal Procedure Act 2009* s 190.","Before Emma or her sister can give alibi evidence, Emma must notify the DPP of that fact within the required timeframe under the pre-trial disclosure requirements in the Criminal Procedure Act 2009 s 190. Without that notice, she may be prevented from giving or calling that evidence.","{'faithfulness': 3, 'answer_relevance': 5, 'completeness': 3, 'conciseness': 4, 'semantic_similarity': 3, 'overall': 4, 'reasoning': 'Mostly addresses the needed procedural step but states notifying the DPP and cites s 190, whereas the ground truth specifically requires applying for leave of the court to give or call alibi evidence where notice has not been given within 14 days.'}","{'faithfulness': 2, 'answer_relevance': 4, 'completeness': 2, 'conciseness': 5, 'semantic_similarity': 2, 'overall': 3, 'reasoning': 'Focuses on notice to the DPP, but the ground truth requirement is that Emma must apply for leave of the court to give/call alibi evidence when notice was not filed within 14 days.'}"
"Alex is charged with a robbery at a shopping centre at 8:15 pm. He leads evidence that he was having dinner with friends at a restaurant across town at that time, and the jury thinks there is a real chance this is true. Ignoring the standard elements of robbery, what more needs to be proven to establish Alex’s guilt?","In addition to proving beyond reasonable doubt the elements of the offence, the prosecution must disprove the alibi.","Because Alex has raised an alibi, the jury cannot find him guilty if it is reasonably possible the alibi is true. So, beyond the robbery’s standard elements, the prosecution must prove those elements in a way that excludes the reasonable possibility that Alex was at dinner across town at 8:15 pm.","Because Alex raises an alibi, the prosecution must still prove beyond reasonable doubt that Alex was the offender. If the jury thinks there is a real chance he was at dinner across town, that is a reasonable view consistent with innocence. In that case, they must acquit.","{'faithfulness': 5, 'answer_relevance': 5, 'completeness': 4, 'conciseness': 4, 'semantic_similarity': 5, 'overall': 5, 'reasoning': 'Correctly states that, once an alibi is raised, the prosecution must disprove it so that there is no reasonable possibility it is true; this aligns with the ground truth requirement to disprove the alibi beyond reasonable doubt.'}","{'faithfulness': 2, 'answer_relevance': 4, 'completeness': 2, 'conciseness': 4, 'semantic_similarity': 2, 'overall': 2, 'reasoning': 'Misstates the legal requirement by focusing on proving identity generally and concluding acquittal when there is a real chance, rather than explicitly stating that the prosecution must disprove the alibi.'}"
"Liam and Noah plan to break into a warehouse to steal electronics. Liam agrees to act as the lookout while Noah goes inside; during the burglary, Noah violently assaults a security guard. Liam is later charged as a secondary party to the assault. Under Victorian law, on what basis could Liam be found “involved in the commission” of the assault, even though he only agreed to help with the burglary?","Liam could be found ‘involved in the commission’ of the assault on the basis described in paragraphs (b) and (d) of section 323 of the Crimes Act 1958. This is b) if the person ‘intentionally assists, encourages or directs the commission of another offence where the person was aware that it was probable that the offence charged would be committed in the course of carrying out the other offence;’ and d) if the person ‘enters into an agreement, arrangement or understanding with another person to commit another offence where the person was aware that it was probable that the offence charged would be committed in the course of carrying out the other offence.’","Liam could be liable under *Crimes Act 1958* (Vic) s 323(1)(b) or (d): if he intentionally assisted the burglary, or agreed with Noah to commit the burglary, while aware it was probable the charged assault would be committed in carrying out that burglary.","Under *Crimes Act 1958* (Vic) ss 323(1)(b) or (d), Liam could be liable if he intentionally assisted the burglary, or agreed with Noah to commit the burglary, and was aware it was probable that the charged assault would be committed in carrying out that burglary.","{'faithfulness': 5, 'answer_relevance': 5, 'completeness': 5, 'conciseness': 5, 'semantic_similarity': 5, 'overall': 5, 'reasoning': 'Accurately identifies s 323(b) and (d) and states the correct basis (intentional assistance/encouragement/direction and agreement/arrangement) with the required awareness that the assault was probable in carrying out the burglary.'}","{'faithfulness': 5, 'answer_relevance': 5, 'completeness': 5, 'conciseness': 5, 'semantic_similarity': 5, 'overall': 5, 'reasoning': 'Fully consistent with the ground truth: correctly points to s 323(1)(b) and (d) and captures both the intentional assistance and agreement bases plus the awareness/probability requirement.'}"
"Courtney and Tom agree to sell what they think is a harmless “party pill” to strangers at a music festival. The pills are in fact a controlled drug, and the conduct clearly amounts to a criminal offence. For Courtney to be liable on the basis of this agreement, must the prosecution prove that she knew the substance was illegal?","No. In the section on the mental state of the accused in a criminal agreement, the bench book is clear that “the parties to an agreement do not need to have realised that their acts would be criminal” and that the element is satisfied if they “agreed to perform acts which, in fact, are criminal.”","No. The prosecution need not prove Courtney knew the substance was illegal or realised the acts were criminal. This element is satisfied if she agreed to perform acts that were, in fact, criminal. The required mental state is the state of mind for the offence at the time of the agreement.","No. For conspiracy, the prosecution must prove Courtney subjectively intended that the principal offence charged be committed, and that the agreement was to commit that specific offence, not some other or unspecified offence. Recklessness is insufficient. The provided context does not say the prosecution must prove she knew the substance was illegal.","{'faithfulness': 5, 'answer_relevance': 5, 'completeness': 5, 'conciseness': 4, 'semantic_similarity': 5, 'overall': 5, 'reasoning': 'Directly matches the ground truth: liability on agreement/conspiracy basis does not require knowledge the acts were criminal; it is enough that the parties agreed to perform acts which are in fact criminal.'}","{'faithfulness': 2, 'answer_relevance': 4, 'completeness': 3, 'conciseness': 3, 'semantic_similarity': 3, 'overall': 3, 'reasoning': 'Also says knowledge of illegality is not required, but it introduces additional, contestable requirements (subjective intent to the principal offence and that recklessness is insufficient) not supported by the ground truth.'}"
"Noah convinces his 12-year-old nephew to deliver a sealed package to an address, telling him it contains “books for a friend,” when in fact Noah has filled the package with prohibited drugs. The nephew has no idea what is inside and believes he’s doing a harmless favour. If police intercept the drugs, can Noah be liable as a principal offender for drug trafficking?","Yes. In this case, Noah's nephew would be an “innocent agent” and thus, as Noah caused his nephew to do the physical elements of the offence, Noah can be found guilty as a principal offender.","The provided context does not contain sufficient information to answer this question. 

The context gives general trafficking elements and a checklist for trafficking to a child, but does not explain whether a person can be treated as a principal offender when using an innocent child courier who lacks knowledge of the drugs.",Yes. The context states trafficking to a child under s 71AB requires proof that the accused intentionally trafficked to a person under 18 and intended to traffick to a child. A child is under 18. The child’s ignorance is not identified as preventing Noah’s principal liability.,"{'faithfulness': 3, 'answer_relevance': 1, 'completeness': 1, 'conciseness': 4, 'semantic_similarity': 1, 'overall': 1, 'reasoning': 'Declines to answer and does not engage with the innocent agent/principal offender reasoning found in the ground truth.'}","{'faithfulness': 2, 'answer_relevance': 3, 'completeness': 3, 'conciseness': 3, 'semantic_similarity': 4, 'overall': 3, 'reasoning': ""Gives the correct conclusion (Yes) and addresses liability despite the child’s ignorance, but relies on s 71AB/intentions not reflected in the provided ground truth, and does not specifically explain the 'innocent agent' principal offender basis.""}"
"Jordan is a factory worker; Mia is his supervisor. They’re both charged with a Commonwealth conspiracy to commit an offence that requires an employer to ensure the safety of employees at a hazardous worksite. Two company directors, alleged to be the other parties to the agreement, have already been acquitted of the conspiracy. In these circumstances, can Jordan be found guilty of the conspiracy?","In this example, the safety duty exists to protect employees like Jordan, so he cannot be convicted of the conspiracy. As the bench book explains, “Criminal Code s 11.5(4)(b) provides that a person cannot be found guilty of conspiracy to commit an offence if: He or she is a person for whose benefit or protection the offence exists.”","Under *Criminal Code* s 11.5(4)(a), a person cannot be found guilty of a Commonwealth conspiracy if all other parties to the agreement have been acquitted and a guilty finding would be inconsistent with those acquittals. So Jordan cannot be found guilty if the directors were all the other alleged parties.","Under *Criminal Code* s 11.5(4)(a), Jordan cannot be found guilty if all other parties to the agreement have been acquitted and convicting him would be inconsistent with those acquittals. On the provided facts, that may bar conviction, but only if those acquitted directors were all the other parties to the alleged agreement.","{'faithfulness': 2, 'answer_relevance': 3, 'completeness': 2, 'conciseness': 4, 'semantic_similarity': 2, 'overall': 2, 'reasoning': 'Focuses on s 11.5(4)(a) inconsistency with acquittals, but the ground truth relies on s 11.5(4)(b) (benefit/protection of the offence). It misses the key protective-beneficiary rationale.'}","{'faithfulness': 2, 'answer_relevance': 3, 'completeness': 2, 'conciseness': 4, 'semantic_similarity': 2, 'overall': 2, 'reasoning': 'Also emphasizes s 11.5(4)(a) inconsistency with acquittals rather than the ground-truth s 11.5(4)(b) bar based on Jordan being the protected class. Includes a conditional hedging but still omits the controlling legal ground.'}"
"Clyde, who has schizophrenia, assaults a stranger while experiencing delusions. He knows he is hitting a person but believes they are a “demon.” Does his mental illness, or his failure to appreciate the wrongfulness of his conduct, necessarily make his act involuntary?","No. According to the bench book, “the accused does not need to have appreciated the wrongfulness of his or her conduct for it to have been voluntary” and “the fact that a person’s thought processes were affected by a mental illness does not mean that he or she acted involuntarily.”","No. The context says mental illness affecting thought processes does not itself make an act involuntary; there is a distinction between an unwilled act and a willed act produced by a diseased mind. Also, failure to appreciate wrongfulness does not prevent voluntariness, though awareness is relevant in assessing it.","No. Mental illness does not necessarily make an act involuntary. The key question is whether Clyde’s act was willed and under his control. Nor does failure to appreciate wrongfulness make it involuntary. If he knew he was hitting a person and chose to do that act, it may still be voluntary.","{'faithfulness': 5, 'answer_relevance': 5, 'completeness': 4, 'conciseness': 4, 'semantic_similarity': 5, 'overall': 5, 'reasoning': 'Accurately reflects the ground truth: mental illness affecting thought processes does not make the act involuntary, and appreciation of wrongfulness is not required for voluntariness. Slightly more general discussion (unwilled/willed framing) but remains consistent.'}","{'faithfulness': 5, 'answer_relevance': 5, 'completeness': 4, 'conciseness': 5, 'semantic_similarity': 5, 'overall': 5, 'reasoning': 'Directly matches the ground truth points: mental illness does not necessarily render an act involuntary, and failure to appreciate wrongfulness does not preclude voluntariness. Uses question-relevant phrasing and stays focused.'}"
"Jonah is driving when he suddenly suffers an unexpected convulsion, causing his leg to slam down on the accelerator and his car to mount the curb and hit a pedestrian. If the only cause of the collision was this sudden bodily movement during the convulsion, how should a court characterise his physical act for the purpose of criminal liability?",This act should be characterised as “involuntary” or representative of ‘involuntary muscular movements.’ The bench book describes ‘spasms and convulsions’ as being a clear example of an involuntary muscular movement.,"The collision should be characterised as resulting from an involuntary, unwilled act. The context states that a person cannot be criminally liable for acts committed independently of the accused’s will, and the prosecution must prove beyond reasonable doubt that the relevant act was voluntary.","The court should characterise Jonah’s physical act as involuntary. The context states that a person cannot be held criminally responsible for actions committed involuntarily, and only voluntary actions may be taken into account. If the collision was caused solely by the sudden convulsive movement, that act would not attract criminal liability.","{'faithfulness': 5, 'answer_relevance': 5, 'completeness': 4, 'conciseness': 4, 'semantic_similarity': 5, 'overall': 5, 'reasoning': ""Correctly characterises the act as involuntary/unwilled and links it to the absence of criminal liability for acts independent of will. Slightly less aligned with the bench book phrasing ('spasms and convulsions') but the core characterisation matches.""}","{'faithfulness': 5, 'answer_relevance': 5, 'completeness': 5, 'conciseness': 4, 'semantic_similarity': 5, 'overall': 5, 'reasoning': 'Directly states the physical act should be characterised as involuntary, and explicitly ties that to convulsive movement being the sole cause and therefore not attracting criminal liability—fully consistent with the ground truth and closely aligned in meaning.'}"
"At Andrew’s assault trial, there is no suggestion he was unconscious, seizing, or sleepwalking; all the evidence shows him standing, speaking, and then punching the complainant. Does the prosecution need specific evidence that the punch was voluntary, or can voluntariness be inferred from these circumstances?","Given that Andrew was conscious, the prosecution can rely on the 'evidentiary presumption of voluntariness’ and does not need to address the issue of voluntariness. As the bench book explains “ordinarily, the prosecution does not need to address the issue of voluntariness. Instead, they may rely on the evidentiary presumption that an act done by an apparently conscious person was done voluntarily (the ‘evidentiary presumption of voluntariness.’)”","Voluntariness can be inferred. Ordinarily, the prosecution may rely on the evidentiary presumption that an act done by an apparently conscious person was voluntary. Specific evidence is only needed if there is sufficient evidence raising a reasonable inference that the act was involuntary. Here, none appears.","Voluntariness can be inferred. Ordinarily, the prosecution may rely on the evidentiary presumption that an act done by an apparently conscious person was voluntary. Since all the evidence shows Andrew standing, speaking, and punching, specific additional evidence of voluntariness is not required unless that presumption is displaced.","{'faithfulness': 5, 'answer_relevance': 5, 'completeness': 5, 'conciseness': 4, 'semantic_similarity': 5, 'overall': 5, 'reasoning': 'Matches the ground truth that, given apparent consciousness, the prosecution can rely on the evidentiary presumption of voluntariness and need not address voluntariness; System A adds a correct conditional about when specific evidence might be needed.'}","{'faithfulness': 5, 'answer_relevance': 5, 'completeness': 5, 'conciseness': 4, 'semantic_similarity': 5, 'overall': 5, 'reasoning': 'Accurately reflects the ground truth: voluntariness may be inferred from apparent consciousness via the evidentiary presumption, and specific evidence is unnecessary unless the presumption is displaced.'}"
"Jacob sets off powerful fireworks in a small, crowded backyard. He later admits he knew people could get hurt but did it anyway. In Victoria, what level of criminal culpability best describes his conduct?","In Victoria, Jacob's actions are an example of recklessness. As the bench book explains “an accused is said to have been reckless if they acted in the knowledge that a particular harmful consequence would probably result from their conduct, but they decided to continue their actions regardless of that consequence.”","Jacob’s conduct is best described as **recklessness**. In the provided Victorian context, recklessness means awareness that conduct would probably create a real or appreciable risk of serious injury, followed by proceeding anyway. His admission that he knew people could get hurt but did it anyway fits that description.","Jacob’s conduct is best described as **reckless**. In the provided Victorian context, recklessness involves awareness of a **probable** consequence or consciously disregarding a **substantial risk** of death or grievous bodily harm. His admission that he knew people could get hurt but acted anyway indicates that level of culpability.","{'faithfulness': 5, 'answer_relevance': 5, 'completeness': 5, 'conciseness': 4, 'semantic_similarity': 5, 'overall': 5, 'reasoning': 'Directly identifies recklessness and aligns with the ground truth definition that the accused knew a harmful consequence would probably result but continued regardless.'}","{'faithfulness': 4, 'answer_relevance': 5, 'completeness': 4, 'conciseness': 4, 'semantic_similarity': 4, 'overall': 4, 'reasoning': 'Also identifies recklessness and broadly matches the concept of awareness of probable harmful consequences, but frames it with a slightly different formulation (substantial risk of death/grievous bodily harm) rather than the ground truth bench book wording.'}"
"Liam throws a heavy brick off a freeway overpass into peak-hour traffic. He later tells police, “I knew it might hit a car, but I didn’t really think much more about it.” At trial, the prosecution tells the jury that recklessness is established if Liam knew the brick “might” cause harm. Why is this an incorrect statement of the legal test for recklessness in Victoria?","Recklessness is established when the accused knew that the adverse consequences would probably occur, not merely that they “might” occur.","In Victoria, recklessness requires proof that Liam himself knew harm would probably or likely result, not merely that it might possibly occur. Using “might” is a misdirection. The test is subjective foresight of probable consequences, with “might” wrongly lowering the mental element required.","In Victoria, recklessness requires proof that Liam himself knew the harmful consequence would probably or likely occur, not merely that it might possibly occur. Saying “might” is a misdirection. The test is subjective foresight of probable consequences, not awareness of a mere possibility or what a reasonable person would foresee.","{'faithfulness': 5, 'answer_relevance': 5, 'completeness': 4, 'conciseness': 4, 'semantic_similarity': 5, 'overall': 5, 'reasoning': 'Accurately states that recklessness in Victoria requires awareness that adverse consequences would probably occur, not merely that they might. Mentions the mental-element focus and subjective foresight consistent with the ground truth, with only minor lack of detail beyond probability vs possibility.'}","{'faithfulness': 5, 'answer_relevance': 5, 'completeness': 4, 'conciseness': 5, 'semantic_similarity': 5, 'overall': 5, 'reasoning': ""Directly and correctly explains the error: the prosecution’s 'might' standard is too low; the correct recklessness test requires knowledge the harmful consequence would probably/likely occur. Clear and aligned with the ground truth, with minimal extra wording.""}"
Abigail is on trial in Victoria for causing serious injury. She argues that the injury was “an accident” because she pushed a door open without looking and it unexpectedly hit someone on the other side. Can Abigail rely on a standalone defence of “accident” in Victoria?,"In Victoria, there is no standalone defence of “accident.” Instead, whether an act was accidental is relevant to whether the elements of the offence are met.","No. In Victoria, there is no standalone defence of “accident” (*R v Fowler*). Instead, “accident” may bear on whether the prosecution proves an element of the offence, such as voluntariness or intention. It should be integrated into directions on voluntariness or intention, not treated as a separate defence.",No. In Victoria there is no standalone defence of “accident” (*R v Fowler*). “Accident” must instead be considered through the offence elements—especially whether Abigail’s act was voluntary and whether she intended the injury. The prosecution still bears the burden of proving voluntariness and intention beyond reasonable doubt.,"{'faithfulness': 5, 'answer_relevance': 5, 'completeness': 4, 'conciseness': 5, 'semantic_similarity': 5, 'overall': 5, 'reasoning': ""Accurately states there is no standalone 'accident' defence and that accident goes to whether offence elements are satisfied, not as a separate defence. Minor omission: does not expressly mention voluntariness beyond reasonable doubt, but otherwise matches the ground truth.""}","{'faithfulness': 5, 'answer_relevance': 5, 'completeness': 5, 'conciseness': 4, 'semantic_similarity': 5, 'overall': 5, 'reasoning': ""Clearly and consistently reflects the ground truth: no standalone 'accident' defence; accident is considered via offence elements (voluntary act and intention). Adds prosecution burden phrasing, which is consistent with the general approach and does not materially detract.""}"
"Ethan punches Marcus once in the head during an argument. Marcus falls, hits his head on the gutter, and dies in hospital two days later. At trial, Ethan admits to killing Marcus by punching him. What elements must still be proved for Ethan to be convicted of murder?","Ethan has admitted to one of the elements of murder, which is that “The accused committed acts which caused the victim’s death.” The prosecution must still prove that Ethan killed Marcus voluntarily, that he did so intentionally or recklessly and that Ethan did not have a lawful justification for that act.","Because Ethan admits the punch caused Marcus’s death, the prosecution must still prove beyond reasonable doubt that:

1. Ethan’s act was conscious, voluntary and deliberate;
2. At the time, he intended to kill Marcus or cause him really serious injury, or knew death or really serious injury was probable; and
3. He acted without lawful justification or excuse.","Because Ethan admits causing Marcus’s death by punching him, the remaining elements the prosecution must still prove beyond reasonable doubt are:

1. Ethan’s act was conscious, voluntary and deliberate;
2. He intended to kill or cause really serious injury; and
3. He acted without lawful justification or excuse.","{'faithfulness': 5, 'answer_relevance': 5, 'completeness': 5, 'conciseness': 4, 'semantic_similarity': 5, 'overall': 5, 'reasoning': 'Matches the ground truth: remaining elements are voluntary killing, intentional or reckless states (captured via intent or knowing death/really serious injury probable), and absence of lawful justification; also correctly treats the admitted causation element.'}","{'faithfulness': 3, 'answer_relevance': 5, 'completeness': 4, 'conciseness': 5, 'semantic_similarity': 4, 'overall': 4, 'reasoning': 'Correctly includes voluntary killing, intent, and lack of lawful justification, but omits the ground-truth alternative mental element of recklessness (intentional or reckless).'}"
"Ethan admits he voluntarily and intentionally killed Marcus, a German Shepherd, without lawful justification. Name ONE element of murder that is missing here.","The element pertaining to 'acts which caused the victim’s death' or the element relating to the intention to kill 'someone' are both correct answers. In both cases, these elements are missing because the bench book notes that victims must be human beings and separately an animal is not 'someone'.","One missing element is **that the accused caused the death of a human victim**. The context describes murder as requiring that “the accused caused the victim’s death,” with the victim being a person. Here, Marcus is described as a German Shepherd, not a human.","One missing element is that **the victim must be a human being**. The context states that, for murder, the prosecution must prove the acts caused the death of “someone” and that “the victim must have been a human being.” Marcus was a dog, not a human being.","{'faithfulness': 5, 'answer_relevance': 5, 'completeness': 4, 'conciseness': 5, 'semantic_similarity': 5, 'overall': 5, 'reasoning': ""Correctly identifies the missing murder element as the requirement that the victim be human (i.e., acts causing death of a 'human victim'); matches the ground truth rationale that an animal is not 'someone'.""}","{'faithfulness': 5, 'answer_relevance': 5, 'completeness': 4, 'conciseness': 5, 'semantic_similarity': 5, 'overall': 5, 'reasoning': ""Directly states the missing element that the victim must be a human being, aligning with the bench book ground truth that 'someone' refers to humans and animals do not satisfy this element.""}"
"Ethan, a sane 24-year-old, intentionally killed Marcus, a child, without lawful justification, and the jury accepts this beyond reasonable doubt. Under Victorian law, how could this still not amount to manslaughter or murder?","Because Ethan may have a lawful excuse such as duress (which is not necessarily the same as a lawful justification) or Marcus may have been an unborn child, which would not be classified as a 'human being' for the purposes of murder and manslaughter.","If the jury accepted that Ethan **intentionally killed** Marcus, was **sane**, and acted **without lawful justification**, the provided context does not identify any basis on which the killing would be neither murder nor manslaughter. Voluntariness would also be required; absent that issue, it would amount at least to murder.","The provided context does not contain sufficient information to answer this question. 

The context states murder requires causing death, voluntary acts, intent to kill or cause really serious injury, and no lawful justification or excuse. It does not provide any rule by which an intentional, unjustified killing accepted beyond reasonable doubt would be neither murder nor manslaughter.","{'faithfulness': 1, 'answer_relevance': 2, 'completeness': 1, 'conciseness': 3, 'semantic_similarity': 1, 'overall': 1, 'reasoning': ""System A states there is no basis for the killing not to be murder or manslaughter, which directly contradicts the ground truth (lawful excuse like duress or victim not being a 'human being' such as an unborn child).""}","{'faithfulness': 3, 'answer_relevance': 2, 'completeness': 1, 'conciseness': 5, 'semantic_similarity': 2, 'overall': 2, 'reasoning': ""System B refuses to answer due to insufficient information and does not provide the specific Victorian-law avenues from the ground truth (lawful excuse such as duress vs lawful justification; or unborn child not being a 'human being' for homicide offences).""}"
"Harper, a New South Wales resident, shoots Riley in Sydney. Riley is stabilised in an NSW hospital, then transferred to a specialist trauma unit in Melbourne, where complications arise during surgery and he dies 10 days after the shooting. Can Harper be tried in a Victorian court?","Yes. The bench book explains that “If the victim dies in Victoria, the matter may be tried in a Victorian court, regardless of whether or not the causal acts occurred in Victoria (Crimes Act 1958 s 9).”",The provided context does not contain sufficient information to answer this question.,"Yes. If the victim dies in Victoria, the matter may be tried in a Victorian court, regardless of whether the causal acts occurred in Victoria. Here, Riley died in Melbourne, so Harper can be tried in a Victorian court: *Crimes Act 1958* s 9.","{'faithfulness': 4, 'answer_relevance': 1, 'completeness': 1, 'conciseness': 5, 'semantic_similarity': 1, 'overall': 2, 'reasoning': 'Does not address the legal issue or provide the required conclusion; also contrasts with the ground truth which clearly indicates the correct rule.'}","{'faithfulness': 5, 'answer_relevance': 5, 'completeness': 5, 'conciseness': 4, 'semantic_similarity': 5, 'overall': 5, 'reasoning': 'Directly states the correct rule from Crimes Act 1958 s 9 as reflected in the ground truth and applies it to the facts (death in Victoria), reaching the correct conclusion.'}"
"Mila fires a gun recklessly into a crowded apartment block corridor, committing the offence of reckless conduct endangering life. One of the bullets kills Jonah. The prosecution seeks to invoke statutory murder. On what basis could this reckless conduct offence be treated as a foundational offence?","Reckless conduct endangering life can be treated as a foundational offence based on its seriousness and that the resulting death was caused in course or furtherance of the crime of violence. As the bench book explains, reckless conduct endangering life has been found to be a serious crime of violence by judges in the past and thus has been used as the foundational offence for statutory murder cases.","The provided context does not contain sufficient information to answer this question. It explains statutory murder requires an act of violence done in the course or furtherance of a serious crime whose necessary elements include violence, but does not state whether reckless conduct endangering life qualifies as such a foundational offence.","It could only be treated as a foundational offence if reckless conduct endangering life is a “serious crime of violence” whose necessary elements include violence, and the killing act was committed in the course or furtherance of that offence. The context does not resolve whether this specific offence qualifies.","{'faithfulness': 5, 'answer_relevance': 3, 'completeness': 1, 'conciseness': 4, 'semantic_similarity': 2, 'overall': 2, 'reasoning': 'System A declines to answer based on missing context, but the ground truth provides a clear basis: seriousness of the offence and death caused in course/furtherance.'}","{'faithfulness': 4, 'answer_relevance': 4, 'completeness': 2, 'conciseness': 4, 'semantic_similarity': 4, 'overall': 4, 'reasoning': 'System B captures the key idea from the ground truth (serious crime of violence; death in course or furtherance), but it redundantly hedges and does not explicitly state that judges have previously found it serious enough to be used as a foundational offence.'}"
"During an argument outside a bar in 2016, Taylor swings once at Jordan’s jaw; Jordan falls backwards, hits their head on the curb and dies from the head injury. For manslaughter by an unlawful and dangerous act, which element of the offence does Crimes Act 1958 s 4A(4) help the jury assess?","Crimes Act 1958 s 4A helps the jury assess the first element of manslaughter by an unlawful and dangerous act causing death, which is ‘that the accused committed an act that caused the death of another person.’ Namely, this is relevant in telling the jury that a single punch can still be treated as the cause of death even if the fatal injury comes from the victim’s head hitting the curb after the punch.","Crimes Act 1958 s 4A(4) helps the jury assess the **causation element**—whether Taylor’s act caused Jordan’s death. It recognises that a single punch or strike may be the cause of death even where death results from a secondary impact injury, such as the victim hitting their head on the curb.",Crimes Act 1958 s 4A(4) assists the jury on the **causation** element: whether Taylor’s act caused Jordan’s death. The context says a single punch or strike may be the cause of death even where death results from a secondary head injury suffered in the fall.,"{'faithfulness': 5, 'answer_relevance': 5, 'completeness': 5, 'conciseness': 5, 'semantic_similarity': 5, 'overall': 5, 'reasoning': 'Correctly identifies s 4A(4) as helping with the first element/causation (that the accused committed an act causing death) and matches the ground truth rationale about a single punch leading to death via head impact.'}","{'faithfulness': 5, 'answer_relevance': 5, 'completeness': 4, 'conciseness': 5, 'semantic_similarity': 5, 'overall': 5, 'reasoning': ""Also correctly focuses on the causation element and the single punch causing death via secondary head injury. Slightly less explicit about 'first element' framing, but substance matches ground truth.""}"
"The accused admits he did not actually think death or really serious injury was likely, but the jury is sure that any reasonable person in his position would have realised they were exposing the victim to an appreciable risk of serious injury. If both reckless murder and manslaughter are left, which verdict does this state of mind support?","This state of mind supports manslaughter, but not reckless murder. The test for reckless murder requires the jury to find that the accused knew that it was probable that death or really serious injury would result from his or her acts, whereas the test for manslaughter requires the jury to find that ‘a reasonable person would have realised that he or she was exposing the deceased to an appreciable risk of serious injury.’","This state of mind supports **manslaughter, not reckless murder**. Reckless murder requires proof that **the accused actually knew** death or really serious injury was **probable**. Manslaughter instead uses an **objective test**: whether a **reasonable person** would have realised the act exposed the victim to an appreciable risk of serious injury.","This state of mind supports manslaughter, not reckless murder. Reckless murder requires proof that the accused actually knew death or really serious injury was probable. Manslaughter by unlawful and dangerous act uses an objective test: whether a reasonable person would have realised an appreciable risk of serious injury.","{'faithfulness': 5, 'answer_relevance': 5, 'completeness': 4, 'conciseness': 4, 'semantic_similarity': 5, 'overall': 5, 'reasoning': ""Correctly concludes manslaughter not reckless murder and matches the ground truth tests: reckless murder requires knowledge of probability; manslaughter uses the objective 'reasonable person' appreciable risk of serious injury test. Minor omission: does not explicitly quote the ground-truth wording with 'a reasonable person would have realised...' verbatim.""}","{'faithfulness': 4, 'answer_relevance': 5, 'completeness': 4, 'conciseness': 4, 'semantic_similarity': 4, 'overall': 4, 'reasoning': ""Gets the main conclusion and the general tests right, but adds an extra framing ('manslaughter by unlawful and dangerous act') not present in the ground truth, slightly reducing faithfulness/semantic alignment. Otherwise consistent with the required objective appreciable-risk test for manslaughter and the knowledge-probability test for reckless murder.""}"
"In 2010, Amir and Bella agree to “rough up” a debtor by slapping him around and threatening him, but nothing more. During the confrontation, Bella unexpectedly pulls a knife and fatally stabs the debtor. Amir is charged with manslaughter as a secondary party. If the prosecution relies on the doctrine that extends liability beyond the agreed lesser assault, what must they prove about Amir’s foresight of Bella’s escalation?","They must prove that Amir foresaw the possibility that Bella would go beyond the agreed “roughing up” and commit the relevant unlawful and dangerous act of stabbing the debtor. Under the pre-2014 doctrine of extended common purpose, it isn’t enough that a reasonable person would have foreseen this. The prosecution must show Amir himself foresaw that Bella might escalate to that kind of serious violence and still went ahead with the plan.","Because the offence is in 2010, the prosecution may rely on extended common purpose. They must prove Amir foresaw the possibility that Bella would commit the relevant unlawful and dangerous act that caused death—here, the fatal stabbing or equivalent dangerous escalation beyond the agreed assault.","For a 2010 offence, if the prosecution relies on extended common purpose from an agreement to commit a lesser, non-dangerous assault, they must prove that Amir **foresaw the possibility** that Bella would commit the relevant **unlawful and dangerous act** that caused death. They need not prove Amir foresaw murder intent.","{'faithfulness': 4, 'answer_relevance': 5, 'completeness': 4, 'conciseness': 4, 'semantic_similarity': 4, 'overall': 4, 'reasoning': 'Correctly states that Amir must have foreseen the possibility of Bella committing the relevant unlawful and dangerous act beyond the agreed assault. However, it does not explicitly distinguish that it is not enough that a reasonable person would have foreseen escalation, which is a key element of the ground truth.'}","{'faithfulness': 5, 'answer_relevance': 5, 'completeness': 5, 'conciseness': 5, 'semantic_similarity': 5, 'overall': 5, 'reasoning': 'Directly matches the ground truth: prosecution must prove Amir foresaw the possibility of escalation to the relevant unlawful and dangerous act (the stabbing) and clarifies that mere objective foreseeability/reasonable person is not the standard. Also correctly notes no need to prove murder intent.'}"
"A person is sitting in the back seat of a moving taxi when the taxi strikes a pedestrian at a crossing, killing them instantly. The prosecution later alleges that this rear-seat passenger is guilty of culpable driving causing death because he was driving a motor vehicle at the time of the collision. Is this a sound argument?","No, that is not a sound argument. A person is only “driving” if they are at least in a position to control the movement, direction, and generally the propulsion of a motor vehicle. This is unlikely to be feasible while a person is in the back seat of a car.","No. The argument is not sound unless the prosecution can prove the rear-seat passenger was “driving.” The context says “driving” is an ordinary word, but the person must at least be in a position to control the vehicle’s movement and direction, and generally its propulsion. A rear-seat passenger ordinarily would not satisfy that.","No. For culpable driving causing death, the prosecution must prove the accused was “driving” a motor vehicle. A person is generally driving only if they are in a position to control the vehicle’s movement and direction and, generally, its propulsion. A rear-seat passenger would not ordinarily satisfy that requirement.","{'faithfulness': 5, 'answer_relevance': 5, 'completeness': 5, 'conciseness': 4, 'semantic_similarity': 5, 'overall': 5, 'reasoning': ""Accurately reflects the ground truth that the argument fails because the passenger is unlikely to meet the definition of being 'driving'—requiring control over movement, direction, and generally propulsion.""}","{'faithfulness': 5, 'answer_relevance': 5, 'completeness': 5, 'conciseness': 5, 'semantic_similarity': 5, 'overall': 5, 'reasoning': ""Matches the ground truth closely: prosecution cannot soundly rely on culpable driving causing death without proving the rear-seat passenger was 'driving,' which requires control over movement/direction and generally propulsion.""}"
"In a culpable driving causing death trial, the prosecution tells the jury: “You cannot find the accused guilty unless you are sure he actually realised his driving fell well below that of an ordinary careful driver; if he was simply unaware of the danger, you must acquit.” Is this an accurate statement of the law?","No. The law applies an objective test: gross negligence is judged “by comparing the accused’s actions with the standard of care expected of the reasonable person,” and while awareness of risk “may be of assistance,” it “is not a requirement of culpable driving by gross negligence,” so it is wrong to say the jury must acquit if he was simply unaware of the danger.",No. The context says culpable driving by gross negligence is assessed objectively by comparison with the reasonable person’s standard. The accused’s state of mind is of limited relevance and need not show actual realisation of falling below that standard. Unawareness of danger does not necessarily require acquittal.,"No. In culpable driving by gross negligence, the test is objective. The jury compares the accused’s driving with the standard of a reasonable person. The accused’s state of mind is of limited relevance and need not show he actually realised his driving fell well below that standard.","{'faithfulness': 5, 'answer_relevance': 5, 'completeness': 4, 'conciseness': 5, 'semantic_similarity': 5, 'overall': 5, 'reasoning': 'Accurately states the objective test and that lack of awareness does not mandate acquittal, matching the ground truth. Slightly less explicit than the ground truth about awareness being only assistance and not a requirement.'}","{'faithfulness': 5, 'answer_relevance': 5, 'completeness': 3, 'conciseness': 5, 'semantic_similarity': 4, 'overall': 4, 'reasoning': 'Correctly conveys the objective comparison with the reasonable person and that state of mind is of limited relevance, but it does not explicitly address the specific claim that the jury must acquit if the accused was simply unaware (and the ground truth emphasis that awareness may assist but is not required).'}"
Two friends agree to race their cars along a suburban street. One driver loses control and fatally hits a cyclist; the other does not crash. On what general basis could the second driver still be held responsible for the death?,"The driver could be held liable as a participant in the other driver’s offending, on the basis that by joining and continuing in the race he aided or encouraged the dangerous driving that caused the cyclist’s death.","The second driver could potentially be liable on a complicity basis: either **joint criminal enterprise/acting in concert** or as one who **aided and abetted** the other driver. In racing cases, the context says aiding and abetting is generally the preferable basis, though concert may apply if there is cogent evidence of agreement.",The second driver could potentially be held responsible on a causation basis if his conduct was a substantial and operating cause of the death. The accused’s acts need not be the sole cause; criminal liability may arise where multiple causes contributed to the death.,"{'faithfulness': 5, 'answer_relevance': 5, 'completeness': 5, 'conciseness': 4, 'semantic_similarity': 5, 'overall': 5, 'reasoning': 'Directly matches the ground truth: liability as a participant in the other driver’s offending for aiding/encouraging or acting in concert by joining and continuing the race.'}","{'faithfulness': 2, 'answer_relevance': 3, 'completeness': 2, 'conciseness': 4, 'semantic_similarity': 2, 'overall': 2, 'reasoning': 'Shifts to a general causation theory, not the ground-truth basis of participation that aids/encourages the other driver’s offending by joining/continuing the race.'}"
"While driving late at night, Jerry fails to see a cyclist and runs him over, killing him instantly. Jerry was not drunk, reckless or negligent. Why does it matter to the prosecution that Jerry knew his headlights were broken before driving?","Because it allows the prosecution to argue that Jerry was driving dangerously, which is a separate offence to culpable driving. As the bench book explains, in assessing the elements of dangerous driving ‘the jury may also consider the question of whether, in all the circumstances, the accused should have been driving at all. In making this determination, the jury can take into account factors such as the condition of the vehicle.’ In this case, Jerry was not reckless or negligent, but his decision to drive while his headlights were broken could be proof of Jerry driving dangerously.","It matters because, in assessing negligent or grossly negligent driving, the jury may consider whether Jerry should have been driving at all in the circumstances, including lighting conditions and the vehicle’s condition. If Jerry knew the headlights were broken before driving late at night, that knowledge could support negligence despite no intoxication or recklessness.","It matters because the jury may consider whether Jerry should have been driving at all in the circumstances, including the condition of the vehicle and lighting conditions. If Jerry knew the headlights were broken before driving, that knowledge may support a finding of negligence, potentially even gross negligence, causing the cyclist’s death.","{'faithfulness': 5, 'answer_relevance': 5, 'completeness': 4, 'conciseness': 4, 'semantic_similarity': 4, 'overall': 4, 'reasoning': 'Captures the key idea that knowledge of broken headlights goes to whether Jerry should have been driving at all in assessing dangerous/culpable driving. However, it frames the purpose mainly as supporting negligence, rather than explicitly as enabling the separate offence argument for dangerous driving emphasized in the ground truth.'}","{'faithfulness': 3, 'answer_relevance': 4, 'completeness': 4, 'conciseness': 4, 'semantic_similarity': 4, 'overall': 3, 'reasoning': ""Mostly consistent with the ground truth on the 'should have been driving at all' point, but it adds claims about 'negligence, potentially even gross negligence' rather than the ground truth’s specific prosecutorial purpose: arguing dangerous driving as a separate offence. This reduces faithfulness.""}"
"Asha is Ben’s manager at work. One evening they both freely and voluntarily have sex. Two days after the act, Asha regrets her decision. Does this mean Asha's consent was violated?","No. While this exact scenario is not explicitly described, the bench book is clear that consent must be fully maintained as an ongoing state of affairs up until the act is completed. Thus, in this example, Ben and Asha had consensual sex as it was free and voluntarily, and only after the act did Asha feel differently.","No. The context says consent means free agreement at the time of the sexual act. If Asha freely and voluntarily agreed when the act occurred, later regret two days afterward does not itself show lack of consent. Consent may be withdrawn before or during the act, not afterward.","No. Consent concerns free agreement at the time of the sexual act. The context says consent means free agreement, and a person may withdraw consent before or during the act. If Asha freely and voluntarily agreed at the time, later regret two days afterward does not mean her consent was violated.","{'faithfulness': 5, 'answer_relevance': 5, 'completeness': 4, 'conciseness': 4, 'semantic_similarity': 5, 'overall': 5, 'reasoning': 'Accurately states that consent depends on agreement at the time of the act and that later regret alone does not indicate consent was violated. Slightly omits the ground-truth emphasis on consent being maintained up to completion, but the conclusion matches.'}","{'faithfulness': 5, 'answer_relevance': 5, 'completeness': 4, 'conciseness': 4, 'semantic_similarity': 5, 'overall': 5, 'reasoning': 'Matches the ground truth by tying consent to free agreement at the time of the act and explaining that later regret does not show violation. Like System A, it does not explicitly mention the ongoing nature of consent until completion, but the answer remains consistent and directly responsive.'}"
"Jones is on trial for an unnamed sexual offence. He says that, in his culture, silence or lack of resistance means agreement. In light of this explanation, what specific issue about Jones awareness must the jury determine when deciding his guilt?","The jury must determine whether Jones had an awareness of lack of consent. His cultural view that silence means agreement is irrelevant to determining this element. Instead, the jury must question what the community would reasonably expect of a person in his position, not what he personally thinks is reasonable.","The jury must determine whether, despite Jones’s claimed cultural understanding, the prosecution has proved beyond reasonable doubt that he was aware the complainant was not consenting or might not be consenting, or was not giving any thought to whether the complainant was not or might not be consenting.","The jury must determine whether, despite Jones’s asserted belief that silence or lack of resistance meant agreement, the prosecution has proved that he was aware the complainant was not consenting, or might not be consenting, or was not giving any thought to whether the complainant was consenting.","{'faithfulness': 4, 'answer_relevance': 5, 'completeness': 3, 'conciseness': 4, 'semantic_similarity': 4, 'overall': 4, 'reasoning': 'Directly identifies the required issue as Jones’s awareness of lack of consent. However, it omits the ground-truth clarification that the jury should focus on what the community would reasonably expect rather than what Jones personally considers reasonable, and that his cultural view is irrelevant to the element.'}","{'faithfulness': 4, 'answer_relevance': 5, 'completeness': 3, 'conciseness': 4, 'semantic_similarity': 4, 'overall': 4, 'reasoning': 'Also correctly focuses on whether Jones was aware the complainant was not consenting or might not be consenting. Like System A, it does not capture the key ground-truth point about ignoring Jones’s personal cultural standard and instead assessing what the community would reasonably expect of a person in his position.'}"
"Jones is on trial for an unnamed sexual offence. He says that, in his culture, silence or lack of resistance means agreement. Must the jury learn more about this culture to decide whether he reasonably believed there was consent?","No. The jury does not need to learn more about Jones’s culture to decide whether there was reasonable belief of consent. This is because reasonableness is assessed by community standards, not by his personal or cultural view that silence equals agreement. As the bench book explains ‘the jury need not consider whether the accused considered his or her belief to be reasonable,’ Instead, reasonableness is determined by the jury’s own expectations.","No. The jury assesses reasonable belief by community standards, not by the accused’s own subjective values, wishes or biases. A direction about the accused’s personal cultural characteristics may be refused if those matters were subjective values or were controllable, rather than affecting perception of objective circumstances.","Not necessarily. The jury assesses reasonable belief by community standards, not whether Jones personally thought his belief was reasonable. A party may seek a direction about the accused’s attributes or circumstances, but not if they were a controllable factor or merely a subjective value, wish or bias, including one informed by culture.","{'faithfulness': 4, 'answer_relevance': 5, 'completeness': 4, 'conciseness': 4, 'semantic_similarity': 5, 'overall': 5, 'reasoning': 'Matches the ground truth that reasonableness is assessed by community standards rather than Jones’s personal/cultural belief. Mentions refusal of directions where cultural/personal matters are subjective/controllable, which is consistent with the thrust, though it adds a procedural nuance not explicitly in the ground truth.'}","{'faithfulness': 4, 'answer_relevance': 5, 'completeness': 4, 'conciseness': 4, 'semantic_similarity': 5, 'overall': 5, 'reasoning': 'Directly answers that the jury does not need to learn more about Jones’s culture, because it is the jury’s view/community standards that govern reasonableness. Adds that a direction may be sought for attributes/circumstances but not if they are controllable/subjective, which aligns with the underlying rule though not stated in the ground truth verbatim.'}"
"After an alleged sexual assault, Liam goes straight to his sister’s apartment and, sobbing and struggling to speak, tells her what happened. At trial, the prosecution calls his sister to describe his emotional state when he reported it. Why might Liam’s behaviour at that time be important evidence against the accused?","Because it is evidence of distress. As the bench book explains, recently, courts have accepted that distress at the time of making a complaint can be admitted. This is because distress has probative value in inferring a causal link between the alleged victim’s reaction and the likelihood an offence occurred, as well as enhancing the credibility of the complainant if a causal connection can be inferred.","Liam’s distress when making the complaint may be relevant because, if the jury finds a causal connection, it can enhance Liam’s credibility and also support that the offending occurred. The evidence is admissible even if other causes of the distress are possible; those possibilities go to weight, not relevance.","Liam’s distress when making the complaint may be admissible because, if the jury finds a causal connection, it can enhance Liam’s credibility and also support the occurrence of the offending. The evidence is relevant indirectly to the probability of a fact in issue (*R v Churchill* [2025] HCA 11, [3], [27]).","{'faithfulness': 5, 'answer_relevance': 5, 'completeness': 4, 'conciseness': 4, 'semantic_similarity': 5, 'overall': 5, 'reasoning': 'Matches the ground truth rationale that distress has probative value and can enhance credibility if a causal connection is inferred. Adds an admissibility/weight point not stated in the ground truth, but it does not conflict with it.'}","{'faithfulness': 2, 'answer_relevance': 5, 'completeness': 4, 'conciseness': 4, 'semantic_similarity': 4, 'overall': 3, 'reasoning': 'Captures the core ideas about distress supporting credibility and the likely offence, but introduces a specific case citation (*R v Churchill* [2025] HCA 11) not in the ground truth, which may be inaccurate, lowering faithfulness.'}"
"At trial, the complainant describes an alleged sexual assault in a completely flat tone, without visible emotion. Some jurors think this means she is “probably lying.” Is this a valid assumption?","No. That is not a valid assumption. As the bench book explains, “emotional reactions of a sexual offence victim can be highly variable”, so a flat or calm presentation should not be taken as a sign the complainant is lying.","No. The context says emotional reactions of sexual offence complainants can be highly variable, and jurors should not give improper weight to a complainant’s display, or lack, of emotion when assessing credibility. A flat tone without visible distress does not validly support the assumption that she is “probably lying.”","No. In a sexual offence trial, jurors must not assume that a complainant’s lack of visible emotion means the account is false. Experience shows trauma affects people differently, and both truthful and untruthful accounts may be given with or without obvious distress. The case must be decided on the evidence, not demeanour-based assumptions.","{'faithfulness': 5, 'answer_relevance': 5, 'completeness': 4, 'conciseness': 4, 'semantic_similarity': 5, 'overall': 5, 'reasoning': 'Directly states the assumption is invalid and matches the bench book rationale that victims’ emotional reactions can be highly variable; appropriately discourages using lack of emotion to infer lying.'}","{'faithfulness': 4, 'answer_relevance': 5, 'completeness': 4, 'conciseness': 4, 'semantic_similarity': 4, 'overall': 4, 'reasoning': 'Also correctly rejects using lack of visible emotion as proof of lying, but relies more on general reasoning (experience/trauma) rather than explicitly reflecting the bench book phrasing about highly variable emotional reactions.'}"
"Assume the year is 2012. Why is it problematic for a judge to direct the jury that the prosecution must prove the accused “intended to commit rape in the sense that, at the time of penetration, he knew the complainant was not or might not be consenting”?","It is problematic because it combines two separate elements of rape into one. For pre–1 July 2015 offences, the law required (1) an intention to sexually penetrate and (2) a separate mental element about awareness or lack of thought regarding consent; telling the jury the accused “intended to commit rape” by knowing there was no consent collapses these into a single “guilty mind” element, which the bench book explicitly warns against.","Because in 2012 rape had four separate elements, including intentional penetration and a distinct fault element about awareness of non-consent or possible non-consent. That direction wrongly runs the second and fourth elements together by treating awareness of non-consent as part of an “intention to commit rape” direction.","Because that direction wrongly runs together separate elements of rape. For 2012, the prosecution had to prove both: intentional sexual penetration, and separately that the accused was aware the complainant was not or might not be consenting. Calling this a single “intention to commit rape” misstates the law.","{'faithfulness': 4, 'answer_relevance': 5, 'completeness': 4, 'conciseness': 4, 'semantic_similarity': 4, 'overall': 4, 'reasoning': ""Accurately identifies the key problem: collapsing separate elements by wording the direction as an 'intention to commit rape'. However, it does not clearly mention the bench book warning/explicit collapse of two mental elements as in the ground truth.""}","{'faithfulness': 5, 'answer_relevance': 5, 'completeness': 3, 'conciseness': 5, 'semantic_similarity': 5, 'overall': 4, 'reasoning': ""Directly matches the ground truth rationale: it fuses separate elements—intentional penetration and separate awareness about consent—into a single 'intention to commit rape' mental element. Lacks the specific bench book warning detail present in the ground truth.""}"
"The prosecution alleges that the accused forced the complainant to put his own penis into his own mouth. Under the current statutory definition, does this amount to sexual penetration of oneself?","No. The current statutory definition in s 35A of the Crimes Act 1958 only defines sexually penetration of oneself as involving insertions of objects or body parts into one’s anus or vagina, not one's mouth.","The provided context does not contain sufficient information to answer this question. It defines sexual penetration as introduction into another person’s vagina or anus, or putting a penis into someone’s mouth, but does not address whether a person can sexually penetrate themself under the current definition.","Yes. Under the current definition, a person sexually penetrates themselves if they introduce a part of their own body into their anus or vagina. More broadly, sexual penetration also includes introducing a penis into a mouth. So if the complainant put his own penis into his own mouth, that amounts to sexual penetration.","{'faithfulness': 4, 'answer_relevance': 2, 'completeness': 1, 'conciseness': 5, 'semantic_similarity': 1, 'overall': 2, 'reasoning': 'Does not answer the statutory question; instead says context is insufficient, despite the ground truth providing the relevant interpretation.'}","{'faithfulness': 1, 'answer_relevance': 4, 'completeness': 2, 'conciseness': 4, 'semantic_similarity': 2, 'overall': 2, 'reasoning': ""Incorrectly concludes it amounts to sexual penetration of oneself; ground truth states self-penetration under s 35A is limited to insertions into one's anus or vagina, not the mouth.""}"
"In 2016, person A instructs person C to insert person C’s finger into person B’s mouth. Under the definition of “sexual penetration” in s 37D of the Crimes Act 1958, why does this not amount to person A sexually penetrating person B?","Person A has not sexually penetrated person B because the only form of penetration of the mouth recognised in s 37D is penile penetration. In this example, a finger was inserted into person B’s mouth, and s 37D only treats a penis in the mouth (no other body parts) as “sexual penetration”, so the statutory definition is not satisfied.","Under s 37D, sexual penetration includes introducing a penis into a mouth, but not introducing a finger or other body part into a mouth. The context only defines mouth penetration as involving a penis. Therefore, person C’s finger in person B’s mouth would not amount to person A sexually penetrating person B.","Under s 37D (applicable in 2016), sexual penetration included penetration of the vagina or anus by a body part or object, and penile penetration of the mouth. A causing a third person to penetrate B counted only where the third person “sexually penetrates” B. A finger in B’s mouth is not “sexual penetration.”","{'faithfulness': 5, 'answer_relevance': 5, 'completeness': 4, 'conciseness': 5, 'semantic_similarity': 5, 'overall': 5, 'reasoning': 'Directly matches the ground truth: s 37D only recognises penile penetration of the mouth as sexual penetration, so inserting a finger does not satisfy the definition.'}","{'faithfulness': 3, 'answer_relevance': 5, 'completeness': 3, 'conciseness': 4, 'semantic_similarity': 3, 'overall': 4, 'reasoning': 'Correctly concludes a finger in the mouth is not sexual penetration, but introduces additional claims (vagina/anus and body part/object penetration) that are not in the ground truth and may be overbroad.'}"
"In 2016, person A instructs person C to insert person C’s penis into person B’s mouth. Under the definition of “sexual penetration” in s 37D of the Crimes Act 1958, why does this amount to person A sexually penetrating person B?","Inserting person C’s penis into person B’s mouth is sexual penetration of person B by person C under s 37D. Because person A caused person C to sexually penetrate person B by instructing person C to do so, person A is also taken under s 37D to have sexually penetrated person B.","Under s 37D, a person sexually penetrates another if the person causes another person’s penis to be introduced into the complainant’s mouth. So if A instructs C to insert C’s penis into B’s mouth, A causes that penetration and is taken to sexually penetrate B.","Because between 1 July 2015 and 30 June 2017, s 37D provided that a person (A) sexually penetrates another person (B) if A causes a third person to sexually penetrate B. Here, A instructs C to penetrate B’s mouth with C’s penis, so A is taken to sexually penetrate B.","{'faithfulness': 5, 'answer_relevance': 5, 'completeness': 4, 'conciseness': 5, 'semantic_similarity': 5, 'overall': 5, 'reasoning': 'Correctly identifies that instructing C to insert C’s penis into B’s mouth makes A the person taken to have sexually penetrated B under s 37D by causing C’s penetration.'}","{'faithfulness': 4, 'answer_relevance': 5, 'completeness': 5, 'conciseness': 4, 'semantic_similarity': 4, 'overall': 4, 'reasoning': 'Gives the right causal/principle outcome under s 37D, but adds an unnecessary temporal clause about 2015-2017 that is not present in the ground truth.'}"
"Under Victorian law, can a person assigned male at birth be sexually penetrated somewhere other than the anus or mouth?","Yes. The bench book explains that, under the Crimes Act 1958, the definition of vagina expressly includes a surgically constructed vagina. This means a person assigned male at birth who has a surgically constructed vagina can be sexually penetrated vaginally in law, not just via the anus or mouth.","Yes. Under the provided Victorian law context, “sexual penetration” can include penetration of a “vagina,” and the context expressly states that “the word vagina includes a surgically constructed vagina.” So a person assigned male at birth can be sexually penetrated in a surgically constructed vagina, as well as the anus or mouth.","Yes. Under Victorian law, “vagina” includes a surgically constructed vagina. The context states that the offence can therefore apply to penetration of transsexual people. So a person assigned male at birth can be sexually penetrated in a surgically constructed vagina, not only in the anus or mouth.","{'faithfulness': 5, 'answer_relevance': 5, 'completeness': 5, 'conciseness': 4, 'semantic_similarity': 5, 'overall': 5, 'reasoning': 'Directly matches the ground truth: Victorian Crimes Act 1958 defines vagina to include a surgically constructed vagina, so vaginal penetration is legally possible for a person assigned male at birth, beyond anus or mouth.'}","{'faithfulness': 4, 'answer_relevance': 5, 'completeness': 4, 'conciseness': 5, 'semantic_similarity': 4, 'overall': 4, 'reasoning': ""Captures the key legal point about 'vagina' including a surgically constructed vagina and applies it to the scenario, but uses less precise wording ('transsexual people') not present in the ground truth.""}"
"On a crowded tram, Caleb briefly brushes Rina’s hand while reaching for a pole; later he privately admits he finds her attractive and had a sexual interest in her. On these grounds alone, is Caleb’s private sexual interest enough to make that brief hand contact “sexual touching”?","No. Caleb’s private sexual interest by itself is not enough to make the brief, incidental hand contact “sexual touching”. The jury must assess the touching objectively. The bench book is clear that “innocuous touching combined with a sexual interest is likely not enough, by itself, to render the touching sexual.”","No. The context says innocuous touching combined with a sexual interest is likely not enough, by itself, to render the touching sexual. Whether touching is sexual is assessed objectively, considering the body area touched, purpose, and circumstances. Ordinary social contact, like jostling on public transport, is generally acceptable.","No. The context indicates innocuous touching combined with a sexual interest is likely not enough, by itself, to make the touching “sexual” (*AB v Paulet* [2022] VSC 414, [266]). Whether touching is sexual is assessed objectively, and the accused’s sexual interest is relevant but not determinative.","{'faithfulness': 5, 'answer_relevance': 5, 'completeness': 5, 'conciseness': 4, 'semantic_similarity': 5, 'overall': 5, 'reasoning': 'Matches the ground truth: private sexual interest alone is insufficient; jury must assess objectively; innocuous touching plus sexual interest likely not enough by itself. Adds general acceptable context without contradicting.'}","{'faithfulness': 4, 'answer_relevance': 5, 'completeness': 5, 'conciseness': 5, 'semantic_similarity': 4, 'overall': 4, 'reasoning': 'Captures the core holding: not enough by itself; objective assessment; sexual interest relevant but not determinative. However, cites a case name/paragraph not provided in the ground truth, slightly reducing faithfulness.'}"
"Assume the year is 2011. Nina is sexually aroused by feet and secretly attracted to her colleague Caleb. During a meeting, she slowly removes his shoe under the table, later admitting she did so purely for her own sexual gratification. Does her sexual motive alone make the removal of Caleb’s shoe an indecent assault?","No. According to the bench book, removing someone’s shoe is an act that is incapable of having a sexual connotation, so Nina’s foot fetish and sexual motive are irrelevant. The bench book is clear that ‘an indecent motive cannot turn an innocuous act into an indecent assault.’ Moreover, motive alone does not make an act indecent.","No. The context says an act incapable of having a sexual connotation, such as removing a person’s shoe, does not become indecent merely because of the accused’s sexual motive. For 2011 indecent assault, the touching must occur in indecent circumstances involving a sexual connotation.","No. In 2011, indecent assault required an assault in indecent circumstances, which must involve a sexual connotation. The context states that where an act is incapable of having a sexual connotation, such as removing a person’s shoe, the accused’s motive is irrelevant. Sexual motive alone would not make this an indecent assault.","{'faithfulness': 4, 'answer_relevance': 5, 'completeness': 4, 'conciseness': 4, 'semantic_similarity': 5, 'overall': 5, 'reasoning': ""Matches the ground truth: shoe removal is incapable of sexual connotation and motive is irrelevant. Adds a bit of extra framing about 'touching' and 'indecent circumstances' which is broadly consistent but slightly imprecise versus the ground truth's focus on motive.""}","{'faithfulness': 5, 'answer_relevance': 5, 'completeness': 5, 'conciseness': 5, 'semantic_similarity': 5, 'overall': 5, 'reasoning': 'Directly tracks the ground truth: bench book principle that indecent motive cannot turn an innocuous act into an indecent assault, and that acts incapable of sexual connotation (shoe removal) make motive irrelevant.'}"
"During an argument, Imogen swings her fist at Sara but stops just short. Sara flinches and braces for impact, but later says she “wasn’t actually scared.” Why doesn’t Sara’s claim that she wasn’t afraid stop Imogen’s conduct from amounting to assault?","Because assault is about apprehension of imminent force, not fear. Even if Sara later says she “wasn’t scared,” Imogen’s swing made her brace for impact, meaning she anticipated non-consensual physical contact. That apprehension is enough to satisfy the element of apprehending an immediate application of force for assault.","Sara’s later claim that she was not “actually scared” is not decisive. The context says assault requires that Imogen intended to cause Sara to apprehend the immediate application of force, and that Sara did apprehend it. Sara flinching and bracing for impact can show apprehension of immediate force.","Sara’s claim does not necessarily prevent assault because, on the provided context, assault without force requires that Imogen’s act caused Sara to apprehend the immediate application of force. Fear can be inferred from conduct such as flinching or bracing. The issue is apprehension of immediate force, not whether Sara later described herself as “scared.”","{'faithfulness': 5, 'answer_relevance': 5, 'completeness': 5, 'conciseness': 4, 'semantic_similarity': 5, 'overall': 5, 'reasoning': 'Matches the ground truth: assault depends on apprehension of imminent non-consensual force, not later emotion; Sara braced/flinched so apprehension is satisfied despite her later claim.'}","{'faithfulness': 4, 'answer_relevance': 5, 'completeness': 4, 'conciseness': 5, 'semantic_similarity': 4, 'overall': 4, 'reasoning': ""Also aligns with the key idea that later lack of fear doesn’t negate assault and that apprehension of immediate force matters; however, it slightly misstates phrasing by focusing on 'assault without force' and uses weaker wording about inference.""}"
“I’m not from law enforcement and I’m going to illegally kill you in the next couple of years or so” does not amount to assault because which element of the offence is missing?,"That is not an assault because it lacks the required element that the complainant apprehends an imminent application of force. In this example, the fear might be immediate, but the threatened application of force is placed in the distant future. As the bench book explains, “it is not sufficient for the complainant to have immediately feared that force would be applied at some distant point in the future. The complainant must have apprehended that force would be applied immediately after the threat was made.”","The missing element is **apprehension of the immediate application of force**.  
From the context, assault by threat requires that the accused intended to cause, and did cause, the complainant to apprehend **immediate** force. A threat to kill “in the next couple of years or so” lacks that immediacy.","The missing element is **immediacy**. For assault not involving force, the prosecution must prove the complainant apprehended the **immediate application of force**. A threat to “illegally kill you in the next couple of years or so” is too remote, even though words can amount to assault.","{'faithfulness': 5, 'answer_relevance': 5, 'completeness': 4, 'conciseness': 5, 'semantic_similarity': 5, 'overall': 5, 'reasoning': 'Correctly identifies the missing element as apprehension of immediate force and explains that a threat to kill in the distant future lacks immediacy, aligning with the ground truth.'}","{'faithfulness': 4, 'answer_relevance': 5, 'completeness': 4, 'conciseness': 4, 'semantic_similarity': 4, 'overall': 4, 'reasoning': 'Also identifies immediacy as the missing element and matches the remote-future reasoning, but includes slightly extraneous general language about assault not involving force and words generally.'}"
"Mia receives several late-night calls from Noah. Each time she answers, he says nothing. Knowing his violent history, she believes he is outside about to attack. What is the citation of the common law case that held this conduct can amount to assault?",The citation/case explicitly referenced in the bench book is R v Ireland [1998] AC 147.,The relevant case is *R v Ireland* [1998] AC 147. The provided context states that “a silent telephone call may amount to an assault where it causes fear of immediate violence” and cites *R v Ireland* [1998] AC 147.,The citation is *R v Ireland* [1998] AC 147. The provided context states that a silent telephone call may amount to an assault where it causes fear of immediate violence.,"{'faithfulness': 5, 'answer_relevance': 5, 'completeness': 5, 'conciseness': 5, 'semantic_similarity': 5, 'overall': 5, 'reasoning': 'Correctly identifies the case as R v Ireland [1998] AC 147 and aligns with the bench book reference.'}","{'faithfulness': 5, 'answer_relevance': 5, 'completeness': 4, 'conciseness': 5, 'semantic_similarity': 5, 'overall': 4, 'reasoning': 'Correctly gives the citation R v Ireland [1998] AC 147, but provides less explicit linkage to the stated bench-book conduct rationale.'}"
"Assault' is defined to mean the direct or indirect application of force to the body of, or to the clothing or equipment worn by, a person. “Application of force” is defined to include the application of heat, light, electric current or any other form of energy, as well as the application of matter in solid, liquid or gaseous form. For the purposes of Victorian criminal law as it pertains to assault, which statute establishes the meaning of a police officer?","According to the bench book, The Victoria Police Act 2013 defines the meaning of a police officer or protective services officer.","The provided context does not contain sufficient information to answer this question. It defines assault for s 31 of the *Crimes Act 1958*, but does not identify which statute establishes the meaning of “police officer.”","The provided context does not contain sufficient information to answer this question. It states that under *Crimes Act 1958* s 31, “emergency worker,” “youth justice custodial worker” and “custodial officer” have the same meaning as in *Sentencing Act 1991* s 10AA, but does not identify the statute establishing “police officer.”","{'faithfulness': 4, 'answer_relevance': 3, 'completeness': 1, 'conciseness': 5, 'semantic_similarity': 2, 'overall': 2, 'reasoning': 'Correctly notes insufficient information and does not assert an incorrect statute, but fails to provide the ground-truth answer that The Victoria Police Act 2013 defines the meaning of a police officer/protective services officer.'}","{'faithfulness': 2, 'answer_relevance': 2, 'completeness': 1, 'conciseness': 5, 'semantic_similarity': 1, 'overall': 1, 'reasoning': 'Also fails to give the ground-truth statute (The Victoria Police Act 2013), and introduces distracting details about other defined terms, further reducing relevance to the specific question.'}"
"Officer Harper stops Liam on the street, says, “I’m just curious if you’ve got anything on you,” and, without any lawful basis, searches his pockets and finds drugs. Liam resists and accidentally strikes Harper during the unlawful search. In these circumstances, is Harper acting “in the execution of her duty” at the time of the alleged assault?",No. Harper is not on duty as a police officer cannot be said to be acting in the execution of their duty if they are doing illegal searches.,"No. The context states that where police search a person for drugs merely because they are “curious,” the search is illegal, and the officer is not acting in the execution of their duty (*Nguyen v Elliott*). An unlawful search means Harper was acting beyond authority at that time.","No. The context states that where a police officer searches a person for drugs merely because they are “curious,” the search is illegal and the officer is not acting in the execution of duty (*Nguyen v Elliott*). An unlawful search is beyond authority, so Harper was not acting in execution of duty.","{'faithfulness': 5, 'answer_relevance': 5, 'completeness': 5, 'conciseness': 4, 'semantic_similarity': 5, 'overall': 5, 'reasoning': ""Directly answers 'No' and correctly grounds it in the principle that an illegal search means the officer is not acting in the execution of duty; matches the ground truth.""}","{'faithfulness': 5, 'answer_relevance': 5, 'completeness': 5, 'conciseness': 5, 'semantic_similarity': 5, 'overall': 5, 'reasoning': ""Also gives a clear 'No' with the same legal rationale as the ground truth (illegal search -> not acting in execution of duty), with no extra irrelevant content.""}"
"As officers move in to arrest Malik outside a bar, his friend Tia sees them coming and yells, “Run, they’re about to grab you!” intending to help him escape. What key fact about the effect of Tia’s warning must be proved in order to charge her with obstruction?","It must be proved that her warning actually prevented or made it more difficult for the officers to carry out the arrest. As the bench book explains, “for an accused to have obstructed an emergency worker … the accused must have acted in a way that prevented the emergency worker … from carrying out their duty, or made it more difficult for them to do so.”","The prosecution would need to prove that Tia’s warning in fact aided Malik to avoid apprehension or escape from arrest. The provided context refers to avoiding apprehension, but does not set out the full elements of obstruction beyond that factual effect.","To charge Tia with obstruction, it must be proved that her warning **prevented the officer from carrying out their duty, or made it more difficult to do so**. The context gives warning an offender they are about to be arrested as an example of obstruction, if intended to have that effect.","{'faithfulness': 4, 'answer_relevance': 4, 'completeness': 3, 'conciseness': 5, 'semantic_similarity': 4, 'overall': 4, 'reasoning': 'Captures the key requirement that the warning must have actually affected the arrest (aiding escape/avoiding apprehension), but does not clearly state the precise element from the bench book: preventing or making it more difficult for officers to carry out their duty.'}","{'faithfulness': 5, 'answer_relevance': 5, 'completeness': 5, 'conciseness': 4, 'semantic_similarity': 5, 'overall': 5, 'reasoning': 'Directly and accurately restates the ground-truth legal test: it must be proved the warning prevented the officers from carrying out their duty or made it more difficult for them to do so.'}"
Which Victorian statute amended the Crimes Act 1958 to cover stalking over the internet?,"As explained by the bench book, the Crimes (Stalking) Act 2003 amended the Crimes Act 1958 to cover stalking over the internet (cyberstalking).","The *Crimes (Stalking) Act* substantially amended *Crimes Act 1958* in 2003, including to “cover acts of cyberstalking,” that is, stalking over the internet.","The *Crimes (Stalking) Act 2003* substantially amended *Crimes Act 1958* s 21A, including to “cover acts of cyberstalking,” that is, stalking over the internet.","{'faithfulness': 5, 'answer_relevance': 5, 'completeness': 4, 'conciseness': 5, 'semantic_similarity': 5, 'overall': 5, 'reasoning': 'Accurately identifies the Crimes (Stalking) Act 2003 as the Victorian statute amending the Crimes Act 1958 to cover cyberstalking; notes the internet aspect consistent with the ground truth.'}","{'faithfulness': 4, 'answer_relevance': 5, 'completeness': 4, 'conciseness': 4, 'semantic_similarity': 4, 'overall': 4, 'reasoning': 'Correctly identifies the Crimes (Stalking) Act 2003, but adds a specific reference to Crimes Act 1958 s 21A which is not supported by the provided ground truth.'}"
"What are the elements of carjacking? Actually, I can answer that question for you. The offence has the following three elements: (i) The accused stole a vehicle; (ii) Immediately before or at the time of the theft, the accused: (a) Used force on any person; or (b) Put any person in fear that s/he or another person would, then and there, be subject to the use of force; or (c) Sought to put any person in fear that s/he or another person would, then and there, be subject to the use of force; and (iii) The accused did so in order to commit the theft (Crimes Act 1958 s 79(1)). Answer only this question: In a large shopping centre, Soraya stands in one spot near the central atrium all afternoon, turning only her head and eyes to keep Felix in view as he walks between different levels and stores. She never changes her physical position. On these facts, does Soraya follow Felix?","No, she is not following Felix. The bench book is clear that it is not following if the accused stands or sits still and stares at the victim as the victim walks past. Following someone with one’s eyes is not sufficient.",The provided context does not contain sufficient information to answer this question.,The provided context does not contain sufficient information to answer this question.,"{'faithfulness': 2, 'answer_relevance': 1, 'completeness': 1, 'conciseness': 5, 'semantic_similarity': 1, 'overall': 1, 'reasoning': 'System A does not answer the question and instead states insufficient information, despite the facts being provided and allowing a direct conclusion under the ground truth.'}","{'faithfulness': 2, 'answer_relevance': 1, 'completeness': 1, 'conciseness': 5, 'semantic_similarity': 1, 'overall': 1, 'reasoning': 'System B also fails to answer, claiming insufficient information, even though the given facts (standing still and staring while only using head/eyes) map directly to the bench book rule in the ground truth.'}"
"Angry at Leo, Martina repeatedly dumps dead flowers and threatening notes on his doorstep and also tags him in public posts accusing him of crimes, hoping his employer will see them. Which two separate stalking acts in statutes best capture this pattern? The following information is irrelevant to answering the question: In 2013, Leo was convicted of “manslaughter by unlawful and dangerous act.” During the trial, a jury member asked the judge the following question: “Under Victorian law, what is the first element of an unlawful and dangerous act causing death and what does it entail? And also, what are the other elements to this offence? And how is it different to negligent manslaughter?”","The two stalking acts from the Crimes Act 1958 s 21A that best capture the pattern is e) giving offensive material to the victim (ba) (a) publishing on the Internet or by an e–mail or other electronic communication to any person a statement or other material relating to the victim. In particular, the threatening notes relate to (e) and the public posts relate to (ba).","The two stalking acts are:

1. **Giving offensive material** to the victim or leaving it where it will be found by the victim: covering the dead flowers and threatening notes left on Leo’s doorstep.  
2. **Publishing on the Internet** material relating to the victim: covering the public posts tagging Leo and accusing him of crimes.","The two stalking acts are:

1. **Giving offensive material** to the victim or leaving it where it will be found by the victim: covering the dead flowers and threatening notes left on Leo’s doorstep.  
2. **Publishing on the Internet** material relating to the victim: covering the public posts accusing Leo of crimes.","{'faithfulness': 5, 'answer_relevance': 5, 'completeness': 5, 'conciseness': 5, 'semantic_similarity': 5, 'overall': 5, 'reasoning': 'Accurately identifies the two Acts from Crimes Act 1958 s 21A as giving offensive material to the victim (dead flowers/threatening notes) and publishing on the Internet/electronic communication relating to the victim (public posts). Matches the ground truth mapping.'}","{'faithfulness': 4, 'answer_relevance': 5, 'completeness': 4, 'conciseness': 5, 'semantic_similarity': 4, 'overall': 4, 'reasoning': ""Correctly selects the same two stalking acts, and applies them to the facts generally, but it omits the ground-truth emphasis distinguishing 'public posts tagging him' as the Internet/electronic publishing element (though still substantively aligned).""}"
"Mary is Rafa’s mother. Twelve-year-old Rafa has been especially naughty this week: on Monday he threw water on his brother Gregory, and on Tuesday he stole his sister’s watch. On Wednesday, as punishment, Mary confines Rafa to his room for an hour. What are the citations of the cases suggesting that Mary’s treatment of Rafa is lawful? As an aside, let's talk about Mary’s childhood. When Mary was younger, she was part of a violent gang. She would roam the streets carrying a cricket bat, and when elderly women walked past, Mary would swing the bat towards them, never actually hitting them but bringing it close enough to make them believe they were about to be struck. One day, Mary was caught by the police. She was charged with assault not involving the application of force but was never convicted because the prosecution couldn’t prove the first element of the offence.","The bench book explains that “Parents may lawfully detain their children for the purposes of discipline,” which broadly covers Mary’s treatment of Rafa. It cites R v Rahman (1985) 81 Cr App R 349 and JCS v R [2006] NSWCCA 221 as authorities for that principle, noting that detention only becomes unlawful if it is excessive.","The provided context does not contain sufficient information to answer this question. It mentions lawful correction of a child as a possible lawful excuse, but gives no case citations about confinement as lawful punishment, and no authority on the first element of assault not involving force in Mary’s childhood scenario.","For Mary confining Rafa as lawful correction of a child, the provided context does not contain the case citations.

For assault, the first element the prosecution had to prove was that Mary caused the complainants to apprehend immediate and unlawful violence. The context does not contain sufficient information to answer more specifically.","{'faithfulness': 5, 'answer_relevance': 2, 'completeness': 3, 'conciseness': 4, 'semantic_similarity': 2, 'overall': 3, 'reasoning': 'System A states it lacks information, but it is inconsistent with the ground truth requirement to provide specific citations; it nonetheless does not fabricate citations. However, the core task (case citations for lawful detention) is not addressed.'}","{'faithfulness': 3, 'answer_relevance': 2, 'completeness': 2, 'conciseness': 3, 'semantic_similarity': 2, 'overall': 2, 'reasoning': 'System B also fails to provide the requested case citations for lawful detention. It additionally introduces an assault-element statement not supported by the provided ground truth, reducing faithfulness. It does not cover the required authorities (R v Rahman; JCS v R) for Mary’s treatment.'}"
"After an argument at home, 15-year-old Felix storms out and gets into the car of his aunt, Rosa, who takes him to stay at her house. Rosa used no trickery or threats, but she knows Felix’s parents want him back and tells him, “You can stay here as long as you like.” On these facts, is Rosa’s conduct closer to taking a child or harbouring a child under the Victorian law?","Rosa’s conduct is closer to taking a child than harbouring one because she drove Felix to her house, which would constitute actively assisting a child in fleeing, which the bench book notes can qualify as taking a child over mere passive harbouring.","Rosa’s conduct is closer to **harbouring** a child, not **taking** a child. The context says “taking away” is not established where the child independently leaves and the accused passively harbours the child without inducement. Felix stormed out on his own, and Rosa used no trickery, threats, or inducement.","Rosa’s conduct is closer to **harbouring**, not **taking**. The context says there is no legal obligation to report a runaway child’s whereabouts, and “taking away” is not made out where the child independently decides to leave and the accused passively harbours the child without inducement (*James v R*; *Moore v Police*).","{'faithfulness': 1, 'answer_relevance': 2, 'completeness': 2, 'conciseness': 4, 'semantic_similarity': 2, 'overall': 2, 'reasoning': 'Contradicts the ground truth by concluding Rosa is closer to harbouring rather than taking. It also frames the issue as passive harboured child without inducement, whereas the ground truth emphasizes Rosa drove Felix and actively assisted him in fleeing.'}","{'faithfulness': 1, 'answer_relevance': 2, 'completeness': 2, 'conciseness': 4, 'semantic_similarity': 1, 'overall': 2, 'reasoning': 'Also contradicts the ground truth by concluding harbouring. It introduces additional points about no legal obligation to report and cites cases not reflected in the ground truth, while missing the key fact that Rosa drove Felix to her house as active assistance in fleeing.'}"
"A 13-year-old, Hamish, orders a rideshare to a friend’s house after a fight with his parents. The driver, Zoe, picks him up outside his home, asks “Are your parents okay with you going?”, gets a vague shrug, but offers no encouragement and simply follows the entered destination. On these facts, has Zoe taken Hamish away?","No. Zoe has not “taken Hamish away” because she was not an effective cause of his leaving, but merely a peripheral, incidental means of transport. The bench book explains that this element requires the accused to take an active part in the child’s departure, such as by offering inducements or persuasion, which Zoe did not do here.",Probably not. The context says “taking away” is not established where the child independently decides to leave and the accused passively harbours or offers no inducement. Mere failure to notify parents is not enough. Zoe appears to have simply transported Hamish without encouragement or active assistance beyond following his destination.,"Probably not. “Taking away” requires Zoe to be an active and effective cause of Hamish leaving, such as by inducement or persuasion. Mere passive transport after Hamish independently decided to leave, without encouragement, is not enough. A moral duty to notify parents does not itself amount to taking away.","{'faithfulness': 5, 'answer_relevance': 5, 'completeness': 4, 'conciseness': 4, 'semantic_similarity': 5, 'overall': 5, 'reasoning': 'Accurately applies the bench book concept that “taking away” requires an active, effective cause (inducement/persuasion) rather than passive transport; correctly finds no encouragement or inducement by Zoe.'}","{'faithfulness': 5, 'answer_relevance': 5, 'completeness': 4, 'conciseness': 5, 'semantic_similarity': 5, 'overall': 5, 'reasoning': 'Directly mirrors the ground truth: no effective cause because Zoe only passively transports after Hamish independently decides to leave; emphasizes lack of inducement/persuasion. Adds a brief note on moral duty that is not central but not inconsistent.'}"
"During a gig, Luca quietly picks up someone else’s guitar, uses it for his set, then returns it to exactly the same spot before the owner notices. He always planned to put it back. On these facts alone, has Luca formed the mental element for theft?","No. Luca only intends to temporarily deprive the owner and to return the same guitar in an unchanged condition. At the moment of appropriation Luca lacks an intention to permanently deprive, which is required for theft.","No. On these facts alone, Luca has not formed the mental element of **intention to permanently deprive**. The context states that borrowing, even without permission, is not theft if the borrower intends to return the property, and Luca always planned to put the guitar back in exactly the same spot.","No. The provided context says theft requires an intention to permanently deprive. It is not theft to borrow something, even without permission, if the borrower intends to return it. On these facts alone, Luca planned to return the exact same guitar, so that mental element is not established.","{'faithfulness': 4, 'answer_relevance': 5, 'completeness': 4, 'conciseness': 4, 'semantic_similarity': 5, 'overall': 4, 'reasoning': 'Correctly concludes there is no intention to permanently deprive at the time of appropriation. It adds general phrasing about borrowing not being theft if intent to return, which is consistent but slightly more general than the ground truth.'}","{'faithfulness': 4, 'answer_relevance': 5, 'completeness': 4, 'conciseness': 5, 'semantic_similarity': 5, 'overall': 5, 'reasoning': 'Directly matches the ground truth: theft requires intention to permanently deprive, and Luca planned to return the same guitar in unchanged condition, so the mental element is not established.'}"
How does the definition of “dishonesty” under Commonwealth law differ from that used in Victorian law?,"Under Victorian law, as it pertains to theft, dishonesty has a specific meaning, defined as the accused acting “without any claim of legal right.” This differs from the federal understanding of dishonesty, which has its “ordinary meaning” and is assessed according to the standards of the ordinary person.","Under Commonwealth law, “dishonesty” generally has its ordinary meaning and is judged by the standards of ordinary, decent people. In Victorian law, for offences like theft and deception, “dishonesty” has a special meaning: acting without a genuine belief in a legal right, not ordinary moral standards.","Under Commonwealth law, “dishonesty” generally bears its ordinary meaning and is judged by the standards of ordinary people. In Victorian law, for offences such as theft and obtaining property by deception, “dishonesty” has a special legal meaning: acting without a genuine belief in a legal right to the property.","{'faithfulness': 4, 'answer_relevance': 5, 'completeness': 4, 'conciseness': 4, 'semantic_similarity': 4, 'overall': 4, 'reasoning': ""Captures the key contrast: Commonwealth uses ordinary meaning with an ordinary person standard; Victorian theft/deception uses the specific meaning of acting without any claim of legal right. Slight imprecision by phrasing it as 'without a genuine belief in a legal right' rather than the ground truth wording 'without any claim of legal right,' and introduces 'ordinary moral standards' not in the ground truth.""}","{'faithfulness': 4, 'answer_relevance': 5, 'completeness': 4, 'conciseness': 5, 'semantic_similarity': 5, 'overall': 4, 'reasoning': ""Directly matches the ground truth structure: Commonwealth dishonesty has ordinary meaning judged by ordinary people; Victorian law uses a special definition tied to acting without a belief/claim of legal right. Uses 'without a genuine belief in a legal right to the property,' which closely tracks but is not identical to 'without any claim of legal right' from the ground truth.""}"
What is a good?,"According to the bench book, “Goods include money, every other type of property except land and things severed from land by stealing.”",The provided context does not contain sufficient information to answer this question.,The provided context does not contain sufficient information to answer this question.,"{'faithfulness': 5, 'answer_relevance': 1, 'completeness': 1, 'conciseness': 5, 'semantic_similarity': 1, 'overall': 2, 'reasoning': 'Correctly states the context is insufficient, but fails to answer the question or provide the ground-truth definition.'}","{'faithfulness': 5, 'answer_relevance': 1, 'completeness': 1, 'conciseness': 5, 'semantic_similarity': 1, 'overall': 2, 'reasoning': ""Also indicates insufficient context and provides no definition of 'goods' as in the bench book.""}"
"Kai forces the owner of a vacant farm to leave, then lives there rent-free for six months, locking everyone else out of the gate and using it as his own space. For the purposes of handling stolen goods, does Kai’s wrongful occupation turn the land itself into “stolen goods”?","No. According to the bench book, “goods” include money and all other property except land, plus things severed from land by stealing, so Kai’s wrongful occupation does not make the land itself “stolen goods” as land is not a “good”.","No. For handling stolen goods, “goods” include money and every type of property except land, plus things severed from land by stealing. The context expressly excludes land from “goods.” So Kai’s wrongful occupation does not make the land itself “stolen goods” for that offence.","No. For handling stolen goods, “goods” include money and every type of property except land. The context expressly excludes land from “goods.” So even if Kai wrongfully occupies and controls the farm, the land itself does not become “stolen goods” for that offence.","{'faithfulness': 5, 'answer_relevance': 5, 'completeness': 5, 'conciseness': 5, 'semantic_similarity': 5, 'overall': 5, 'reasoning': 'Directly matches the bench book definition: goods exclude land (while including other property and severed things), so wrongful occupation does not convert land into stolen goods.'}","{'faithfulness': 4, 'answer_relevance': 5, 'completeness': 4, 'conciseness': 5, 'semantic_similarity': 4, 'overall': 4, 'reasoning': 'Correctly states that goods exclude land and concludes the land does not become stolen goods, but omits the bench book detail about things severed from land by stealing.'}"
Carmen submits a valuation certificate for 500 crates of “premium truffles” that don’t exist and uses it to support a finance application. Which case has been treated as authority that a valuation of non-existent goods is fraudulent in this way?,The bench book cites R v Donnelly [1984] 1 WLR 1017 as a case supporting the proposition that ‘a valuation of non-existent goods (as the goods need to exist before the valuation can properly be made)’ is an example of a ‘false’ or fraudulent document.,The case treated as authority is **R v Donnelly [1984] 1 WLR 1017**. The context states that a valuation of non-existent goods has been held to be a “false” document because the goods needed to exist before the valuation could properly be made.,"The authority cited is *R v Donnelly* [1984] 1 WLR 1017, which is given as an example of a false document: a valuation of non-existent goods, because the goods needed to exist before the valuation could properly be made.","{'faithfulness': 5, 'answer_relevance': 5, 'completeness': 5, 'conciseness': 5, 'semantic_similarity': 5, 'overall': 5, 'reasoning': 'Correctly identifies R v Donnelly [1984] 1 WLR 1017 and matches the ground truth proposition that valuation of non-existent goods is treated as a false/fraudulent document.'}","{'faithfulness': 5, 'answer_relevance': 5, 'completeness': 5, 'conciseness': 5, 'semantic_similarity': 5, 'overall': 5, 'reasoning': 'Also correctly identifies R v Donnelly [1984] 1 WLR 1017 and accurately reflects the ground truth wording and rationale regarding false/fraudulent documents.'}"
"One element of theft is an intention to permanently deprive the owner of property. Nicholas threatens to smash his neighbour’s car unless she pays him $500 “for the damage you did last year,” an amount she genuinely owes. He intends to keep the $500 permanently but makes no claim over any other property. On these facts, which offence does his state of mind more clearly support – theft or blackmail – and why?","Nicholas’s mental element more clearly supports blackmail, not theft. Nicholas is making a demand with a threat with a view to gain money for himself (which includes genuine debt). This matches the “view to gain / intent to cause loss” element of blackmail. By contrast, there is no intent to permanently deprive the owner of property. As the bench book explains ‘This element will therefore be met even if the accused demands payment of a debt owed to him or her, as the realisation of a debt involves obtaining something one does not have (i.e., “hard cash” rather than a mere right of action).’","Blackmail. The context says blackmail requires a demand made with menaces and with a view to gain money or property, and that demanding payment of a debt can satisfy “gain.” Theft requires appropriation of property belonging to another plus intent permanently to deprive. Here, the clearer state of mind is gain through a menacing demand.","Blackmail more clearly. Theft requires an intention to permanently deprive another of property and dishonest appropriation. By contrast, blackmail requires a demand made with menaces and with a view to gain money or property, and does not require permanent deprivation. Keeping the $500 permanently therefore more directly supports blackmail.","{'faithfulness': 4, 'answer_relevance': 5, 'completeness': 4, 'conciseness': 4, 'semantic_similarity': 4, 'overall': 4, 'reasoning': 'Correctly identifies blackmail and links the state of mind to a menacing demand for money. However, it is slightly less precise on the ground-truth point that theft’s intent to permanently deprive is not present, and it mentions appropriation details not central to the ground truth.'}","{'faithfulness': 5, 'answer_relevance': 5, 'completeness': 5, 'conciseness': 4, 'semantic_similarity': 5, 'overall': 5, 'reasoning': 'Directly matches the ground truth: blackmail is more clearly supported because Nicholas makes a threatening demand to gain money (even an actually owed debt), and there is no intent to permanently deprive, so theft is not the better fit.'}"
"Rafi, a former executive of a publicly traded company, phones the current CEO and says, “Transfer $1 million to my account or I’ll leak information that will seriously damage your company's valuation.” Years earlier, Rafi was convicted of assault not involving force. Under Victorian law, what technical label best fits this kind of threat, and which reported case in your materials is cited as authority for treating market-damage threats in this way?","Rafi’s words would be characterised as a threat made “with menaces” for the purposes of blackmail. The authority for treating a threat to damage a company’s market value in this way is R v Boyle [1914] 3 KB 339, which the bench book cites as an example where threatening to harm a corporation’s financial standing by revealing damaging information was held to amount to menaces.",This threat is technically a **menace** for the purposes of **blackmail**. The cited authority in the materials for treating threats of market or reputational damage this way is **R v Tomlinson [1895] 1 QB 706**.,This threat is best labelled a **“menace”** for the purposes of **blackmail**. The cited authority in the provided materials for treating threats of this kind as menaces is **Thorne v Motor Trade Association [1937] AC 797**.,"{'faithfulness': 2, 'answer_relevance': 5, 'completeness': 3, 'conciseness': 5, 'semantic_similarity': 3, 'overall': 3, 'reasoning': 'Correctly identifies the threat as a menace for blackmail, but cites the wrong authority: the ground truth authority is R v Boyle [1914] 3 KB 339, not R v Tomlinson [1895] 1 QB 706.'}","{'faithfulness': 1, 'answer_relevance': 5, 'completeness': 3, 'conciseness': 5, 'semantic_similarity': 2, 'overall': 2, 'reasoning': 'Correctly labels it a menace for blackmail, but incorrectly cites the authority: Thorne v Motor Trade Association [1937] AC 797 is not the case stated in the ground truth (which is R v Boyle [1914] 3 KB 339).'}"
"Josh deliberately and dishonestly destroys physical bank documents that record a loan he still owes, hoping to improve his own financial position. Which specific offence best captures Josh's conduct?","Josh’s conduct satisfies all the elements for criminal damage with a view to gain, thus making this offence the ‘best fit’. As the bench book explains, the elements of this offence relate to destroying property, doing so dishonestly and doing so with a view to gain for himself or another.","The specific offence is **criminal damage with a view to gain**. The context states this offence is made out where the accused **destroyed or damaged property**, **did so dishonestly**, and **did so with a view to gain for himself or another person**. Josh’s conduct matches those elements.","The specific offence is **criminal damage with a view to gain** under **Crimes Act 1958 s 197(3)**. It fits because Josh **destroyed property**, did so **dishonestly**, and acted **with a view to gain for himself** by trying to improve his financial position.","{'faithfulness': 5, 'answer_relevance': 5, 'completeness': 4, 'conciseness': 5, 'semantic_similarity': 5, 'overall': 5, 'reasoning': 'Correctly identifies the best-fit offence as criminal damage with a view to gain and matches the key elements (destroy/damage, dishonesty, intent/view to gain).'}","{'faithfulness': 4, 'answer_relevance': 5, 'completeness': 5, 'conciseness': 4, 'semantic_similarity': 5, 'overall': 4, 'reasoning': 'Also identifies criminal damage with a view to gain and maps elements appropriately, but it adds a specific statutory reference (Crimes Act 1958 s 197(3)) not supported by the ground truth.'}"
"Marco transfers cryptocurrency through multiple wallets to make it harder to trace, fully aware it came from a fraud scheme. Under the Victorian “dealing with proceeds of crime” offences, which physical element is clearly satisfied by his conduct, and which highest mental state could be charged on these facts?","Marco’s conduct is best characterised as dealing with proceeds of crime with intent to conceal that it is proceeds of crime under s 194(1). As the bench book explains, to “deal with” property includes “receive, possess, conceal or dispose of” it, and s 194(1) specifically covers cases where the accused intends to conceal that it is proceeds of crime.","The physical element clearly satisfied is **dealing with property**—here, by **concealing** and/or **disposing of** the property through multiple cryptocurrency transfers. On the facts given, the highest mental state supported is **knowledge** that the property was proceeds of crime, so **knowingly dealing with proceeds of crime** could be charged.","Under *Crimes Act 1958* s 194, the clearly satisfied physical element is that Marco **dealt with the property**. “Deal with” includes receiving, possessing, concealing or disposing of property. On these facts, the highest available fault element is **knowledge that it is proceeds of crime** under s 194(2).","{'faithfulness': 3, 'answer_relevance': 5, 'completeness': 4, 'conciseness': 4, 'semantic_similarity': 4, 'overall': 4, 'reasoning': 'Correctly identifies concealment/disposal as satisfying the physical element of “dealing with” proceeds. However, it states the highest mental state is mere knowledge, whereas the ground truth specifies intent to conceal under s 194(1).'}","{'faithfulness': 4, 'answer_relevance': 5, 'completeness': 4, 'conciseness': 4, 'semantic_similarity': 5, 'overall': 4, 'reasoning': 'Accurately matches the physical element (“deal with” including concealing) with the ground truth. It is slightly less precise on the mental state: it refers to knowledge under s 194(2), while the ground truth characterises the conduct as intent to conceal under s 194(1).'}"
"Smith is a dealer, and so is his friend Walter. After some haggling, they agree to swap a quantity of Smith’s cocaine for Walter’s ice. Which case is specifically cited to show that this type of deal amounts to trafficking?","Smith and Walter are bartering. The bench book cites Giretti v R (1986) 24 A Crim R 112 as authority that “bartering, sending or forwarding drugs may also be trafficking at common law.”","The context does not contain sufficient information to identify a case specifically about swapping cocaine for ice. It does state that **bartering** may amount to trafficking at common law, and specifically cites **Giretti v R (1986) 24 A Crim R 112** for that proposition.","The case specifically cited is **R v Holman [1982] VR 471**. The context states that, at common law, trafficking may involve “delivering or selling drugs to another person,” and statutory trafficking under s 70(1) also includes **exchanging** a drug of dependence.","{'faithfulness': 5, 'answer_relevance': 5, 'completeness': 5, 'conciseness': 5, 'semantic_similarity': 5, 'overall': 5, 'reasoning': 'Correctly identifies Giretti v R (1986) 24 A Crim R 112 as the specifically cited authority that bartering/sending/forwarding drugs may constitute trafficking at common law.'}","{'faithfulness': 1, 'answer_relevance': 2, 'completeness': 2, 'conciseness': 4, 'semantic_similarity': 2, 'overall': 2, 'reasoning': 'Names R v Holman [1982] VR 471, which is not the case cited in the ground truth. The rest of the answer introduces other propositions not supported by the provided ground truth.'}"
"Over six months, Minh alternates between weeks of intense dealing and long quiet stretches with no proven activity. The transactions involve different drugs, buyers and locations, but all are commercial. The indictment alleges he “trafficked” by carrying on a business over that whole period. What must the jury be satisfied of, given the patchy pattern of conduct?","They must be satisfied that Minh was running a business, not just making a few big sales. As the bench book explains, Giretti trafficking requires proof that the accused was involved in a “continuing trade or business of dealing in drugs” carried on with enough “regularity and system” to amount to a business for a “significant part of the period specified.”","The jury must be satisfied beyond reasonable doubt that, despite quiet periods, Minh was engaged for a significant part of the alleged six months in a continuing trade or business of dealing in drugs, with sufficient regularity and system to amount to trafficking, not merely isolated sales. Different drugs may still form one business.","The jury must be satisfied beyond reasonable doubt that Minh carried on a continuing drug dealing business for a significant part of the alleged six-month period, with sufficient regularity and system to amount to a business, not merely isolated sales. They need not find activity throughout the whole period or agreement between participants.","{'faithfulness': 5, 'answer_relevance': 5, 'completeness': 5, 'conciseness': 4, 'semantic_similarity': 5, 'overall': 5, 'reasoning': 'Matches the ground truth: requires proof of a continuing trade or business with regularity and system, for a significant part of the specified period, amounting to more than isolated sales; also notes different drugs can form one business.'}","{'faithfulness': 4, 'answer_relevance': 5, 'completeness': 4, 'conciseness': 4, 'semantic_similarity': 4, 'overall': 4, 'reasoning': ""Captures the core Giretti requirements (continuing business, regularity/system, significant part, not isolated sales) and correctly implies no need for activity throughout. However, it adds an extra point about 'agreement between participants' not present in the ground truth, and omits the 'different drugs may still form one business' aspect.""}"
"“The salt of the abovementioned drugs, derivates and _______” Which word goes in the blank and which act does this phrase belong to?","The missing word is “isomers”, and the phrase comes from the definition of “drug of dependence” in ‘4 of the Drugs Act’.","The missing word is **“isomers”**.

This phrase appears in the definition of **“drug of dependence”** under the **Drugs, Poisons and Controlled Substances Act 1981**. The context states: “The salt of the abovementioned drugs, derivates and isomers.”","The missing word is **“isomers”**.

This phrase appears in the definition of **“drug of dependence”** under **s 4 of the Drugs, Poisons and Controlled Substances Act 1981** (“the Drugs Act”), in the **Cultivation of Narcotic Plants** section of the provided context.","{'faithfulness': 4, 'answer_relevance': 5, 'completeness': 4, 'conciseness': 4, 'semantic_similarity': 4, 'overall': 4, 'reasoning': 'Correctly identifies the missing word as “isomers” and generally places the phrase in the definition of “drug of dependence,” but it misstates the act as the “Drugs, Poisons and Controlled Substances Act 1981” rather than explicitly matching the ground truth wording of ‘4 of the Drugs Act’.'}","{'faithfulness': 5, 'answer_relevance': 5, 'completeness': 5, 'conciseness': 5, 'semantic_similarity': 5, 'overall': 5, 'reasoning': 'Correctly identifies “isomers” and explicitly states the phrase comes from the definition of “drug of dependence” in s 4 of the Drugs Act, matching the ground truth.'}"
"After a grave insult, Jordan cools off for several hours, then calmly returns and kills. Which state of mind required for provocation is missing on these facts, and what is the technical term for it?","Jordan is missing the required state of mind of loss of self-control, historically referred to as “heat of passion”. As the bench book explains, “The defence of provocation is only available where the loss of control is associated with an altered (generally heightened) emotional state, which has historically been referred to as the ‘heat of passion’.”","The missing state of mind is that Jordan did not kill **while deprived of self-control** by the provocative conduct. Because Jordan cooled off for several hours and then acted calmly, the required **sudden and temporary loss of self-control**—technically associated with the **“heat of passion”**—is absent.","Provocation requires that the accused kill **while deprived of self-control** by the deceased’s provocative conduct. On these facts, that state of mind is missing because Jordan cooled off, then returned calmly. The technical term is the absence of a **sudden and temporary loss of self-control**, sometimes described as no longer acting in the **heat of passion**.","{'faithfulness': 5, 'answer_relevance': 5, 'completeness': 5, 'conciseness': 4, 'semantic_similarity': 5, 'overall': 5, 'reasoning': 'Accurately identifies the missing element as loss of self-control (heat of passion), explains the cooling off removes the sudden/temporary state, and uses the correct technical terminology.'}","{'faithfulness': 5, 'answer_relevance': 5, 'completeness': 4, 'conciseness': 4, 'semantic_similarity': 4, 'overall': 4, 'reasoning': ""Correctly states provocation requires being deprived of self-control and notes cooling off removes the sudden/temporary loss; however, it is slightly less aligned with the ground truth phrasing that the missing state is the 'heat of passion' (loss of self-control in an altered emotional state).""}"
"“There was an agreement between the accused and the deceased to seek the _____ of all parties to the agreement.” What is the missing word, and where is this specific phrase used?","The missing word is “death”, and the phrase is used in bench book as part of the first element of the suicide pact defence, namely that there was an agreement between the accused and the deceased to seek the death of all parties to the agreement.","The missing word is **“death.”** The phrase appears in the **Elements** section dealing with the **partial defence of a suicide pact**, which states there must be “an agreement between the accused and the deceased to seek the death of all parties to the agreement.”","The missing word is **“death.”** The phrase appears in the context of the **partial defence of suicide pact**, under the section **“Elements”**, which states: “There was an agreement between the accused and the deceased to seek the death of all parties to the agreement” (*Crimes Act 1958* s 6B(4)).","{'faithfulness': 5, 'answer_relevance': 5, 'completeness': 4, 'conciseness': 4, 'semantic_similarity': 5, 'overall': 5, 'reasoning': ""Correctly identifies the missing word as 'death' and places the phrase in the bench book elements for the suicide pact defence. Slightly less specific than ground truth about the bench book/first element framing.""}","{'faithfulness': 4, 'answer_relevance': 5, 'completeness': 5, 'conciseness': 3, 'semantic_similarity': 5, 'overall': 4, 'reasoning': ""Correctly identifies 'death' and locates the phrase in the suicide pact defence 'Elements' section. However, it adds a specific citation to Crimes Act 1958 s 6B(4) not supported by the provided ground truth, reducing faithfulness.""}"
